時間,ひずみ電圧[1mm],先端の変位[1mm],ひずみ電圧[0.8mm],先端の変位[0.8mm],トルク[ノイズカット]
0,0.004577637,0.000150146,0.004272461,0.000175171,-0.00018188
0.002000008,0.00213623,7.00683E-05,0.000610352,2.50244E-05,0.00564697
0.004000016,0.004882813,0.000160156,-0.00213623,-8.75854E-05,-0.013005371
0.006000024,0.003967285,0.000130127,-0.001220703,-5.00488E-05,0.00292684
0.008000032,0.007629395,0.000250244,-0.002746582,-0.00011261,0.01652751
0.01,0.01068115,0.000350342,0.003356934,0.000137634,-0.00523356
0.01200001,0.006713867,0.000220215,-0.005187988,-0.000212708,0.0005953
0.01400002,0.001220703,4.00391E-05,0.004577637,0.000187683,0.02663086
0.01600002,-0.001525879,-5.00488E-05,0.004577637,0.000187683,0.01769328
0.01800003,0.02075195,0.000680664,0.0112915,0.000462952,-0.011062419
0.02,0.003662109,0.000120117,0.003356934,0.000137634,0.02313354
0.02200001,0.00213623,7.00683E-05,-0.001525879,-6.2561E-05,-0.013005371
0.02400002,0.001220703,4.00391E-05,0.003051758,0.000125122,0.03634562
0.02600002,-0.003662109,-0.000120117,0.001220703,5.00488E-05,0.01497314
0.02800003,0.000915527,3.00293E-05,-0.001831055,-7.50733E-05,0.03595703
0.03,-0.008544922,-0.000280273,0.003967285,0.000162659,0.0044812
0.03200001,0.000610352,2.00195E-05,0.02105713,0.000863342,0.00953288
0.03400002,0.003051758,0.000100098,0.002441406,0.000100098,0.03867716
0.03600002,-0.001831055,-6.00586E-05,-0.000915527,-3.75366E-05,-0.00717651
0.03800003,0.01983643,0.000650635,0.003967285,0.000162659,0.020802
0.04,-0.005493164,-0.000180176,0.004272461,0.000175171,0.00525838
0.04200001,-0.00579834,-0.000190186,0.006713867,0.000275269,0.02313354
0.04400002,-0.003662109,-0.000120117,0.005493164,0.00022522,-0.00212484
0.04600002,-0.00213623,-7.00683E-05,0.005187988,0.000212708,0.04100871
0.04800003,0.001831055,6.00586E-05,0,0,0.03751139
0.05,0.01037598,0.000340332,-0.001831055,-7.50733E-05,0.02468791
0.05200001,0.000915527,3.00293E-05,-0.002441406,-0.000100098,0.01497314
0.05400002,0.003051758,0.000100098,-0.000305176,-1.25122E-05,0.04878052
0.05600002,-0.006103516,-0.000200195,-0.004882813,-0.000200195,0.01963623
0.05800003,-0.02716064,-0.000890869,0.000610352,2.50244E-05,0.03595703
0.06,-0.004577637,-0.000150146,0.001831055,7.50733E-05,0.04256307
0.06200001,-0.0177002,-0.000580567,-0.01831055,-0.000750733,0.06199259
0.06400002,-0.007629395,-0.000250244,0,0,0.05499797
0.06600002,-0.01434326,-0.000470459,-0.007629395,-0.000312805,0.06199259
0.06800003,-0.02044678,-0.000670654,-0.01586914,-0.000650635,0.03517985
0.07,-0.03204346,-0.001051025,-0.02868652,-0.001176147,0.0895825
0.07200001,-0.04577637,-0.001501465,-0.04516602,-0.001851807,0.0876396
0.07400002,-0.05767822,-0.001891846,-0.0592041,-0.002427368,0.1070691
0.07600002,-0.05401611,-0.001771728,-0.06866455,-0.002815247,0.06043823
0.07800003,-0.06713867,-0.002202148,-0.08728027,-0.003578491,0.0864738
0.08,-0.09613037,-0.003153076,-0.09857178,-0.004041443,0.1132865
0.08200001,-0.1132202,-0.003713623,-0.1116943,-0.004579466,0.0961886
0.08400002,-0.1330566,-0.004364256,-0.1223755,-0.005017396,0.06315837
0.08600002,-0.1641846,-0.005385255,-0.1403809,-0.005755617,0.0969657
0.08800003,-0.1617432,-0.005305177,-0.1544189,-0.006331175,0.0876396
0.09,-0.1846313,-0.006055907,-0.1748657,-0.007169494,0.1016288
0.09200001,-0.1992798,-0.006536377,-0.1934814,-0.007932737,0.1062919
0.09400002,-0.2212524,-0.007257079,-0.2127075,-0.008721008,0.1334932
0.09600002,-0.2313232,-0.007587401,-0.2328491,-0.009546813,0.1474825
0.09800003,-0.246582,-0.00808789,-0.2523804,-0.010347596,0.1253328
0.1,-0.2740479,-0.008988771,-0.2700806,-0.011073305,0.1187268
0.102,-0.2786255,-0.009138916,-0.2874756,-0.0117865,0.1661348
0.104,-0.3106689,-0.01018994,-0.3042603,-0.012474672,0.1797355
0.106,-0.3967285,-0.013012695,-0.3219604,-0.013200376,0.1552543
0.108,-0.3399658,-0.011150878,-0.3320313,-0.013613283,0.151757
0.11,-0.3607178,-0.011831544,-0.3579712,-0.014676819,0.143208
0.112,-0.3762817,-0.01234204,-0.3787231,-0.015527647,0.1389335
0.114,-0.3747559,-0.012291994,-0.3939819,-0.016153258,0.0821993
0.116,-0.4043579,-0.013262939,-0.4150391,-0.017016603,0.12086405
0.118,-0.4257202,-0.013963623,-0.4367065,-0.017904967,0.1595288
0.12,-0.4473877,-0.014674317,-0.4537964,-0.018605652,0.1408765
0.122,-0.446167,-0.014634278,-0.4714966,-0.019331361,0.110955
0.124,-0.4937744,-0.0161958,-0.4855347,-0.019906923,0.14884255
0.126,-0.5178833,-0.016986572,-0.4977417,-0.02040741,0.1867301
0.128,-0.5505371,-0.018057617,-0.5169678,-0.02119568,0.18401
0.13,-0.5786133,-0.018978516,-0.5371094,-0.022021485,0.1665234
0.132,-0.6063843,-0.019889405,-0.5770874,-0.023660583,0.2185946
0.134,-0.6344604,-0.020810301,-0.5752563,-0.023585508,0.2069368
0.136,-0.6756592,-0.022161622,-0.6161499,-0.025262146,0.2422986
0.138,-0.6912231,-0.022672118,-0.6518555,-0.026726076,0.2768831
0.14,-0.7269287,-0.023843261,-0.6729126,-0.027589417,0.3029187
0.142,-0.7589722,-0.024894288,-0.6970215,-0.028577882,0.2702771
0.144,-0.7821655,-0.025655028,-0.7354736,-0.030154418,0.3021415
0.146,-0.8364868,-0.027436767,-0.7632446,-0.031293029,0.2710543
0.148,-0.8758545,-0.028728028,-0.7913208,-0.032444153,0.2799919
0.15,-0.9191895,-0.030149416,-0.8282471,-0.033958131,0.29981
0.152,-0.9597778,-0.031480712,-0.8526611,-0.034959105,0.3328402
0.154,-1.003723,-0.032922114,-0.8694458,-0.035647278,0.2885409
0.156,-1.047058,-0.034343502,-0.9225464,-0.037824402,0.3172965
0.158,-1.095886,-0.035945061,-0.9643555,-0.039538576,0.3324516
0.16,-1.133728,-0.037186278,-1.012878,-0.041527998,0.3503267
0.162,-1.182556,-0.038787837,-1.051331,-0.043104571,0.3724764
0.164,-1.226807,-0.04023927,-1.087952,-0.044606032,0.3674247
0.166,-1.272583,-0.041740722,-1.130981,-0.046370221,0.3569328
0.168,-1.323853,-0.043422378,-1.177368,-0.048272088,0.3479952
0.17,-1.366272,-0.044813722,-1.224976,-0.050224016,0.3981234
0.172,-1.416016,-0.046445325,-1.272583,-0.052175903,0.4416455
0.174,-1.457825,-0.04781666,-1.325073,-0.054327993,0.4093925
0.176,-1.526489,-0.050068839,-1.374207,-0.056342487,0.4542747
0.178,-1.547546,-0.050759509,-1.420288,-0.058231808,0.4991569
0.18,-1.589661,-0.052140881,-1.480408,-0.060696728,0.5150891
0.182,-1.630249,-0.053472167,-1.526184,-0.062573544,0.4770072
0.184,-1.672974,-0.054873547,-1.585999,-0.065025959,0.47195555
0.186,-1.712036,-0.056154781,-1.646729,-0.067515889,0.4669039
0.188,-1.742554,-0.057155771,-1.696167,-0.069542847,0.5030428
0.19,-1.793213,-0.058817386,-1.731873,-0.071006793,0.5228609
0.192,-1.859741,-0.060999505,-1.775818,-0.072808538,0.5049858
0.194,-1.882629,-0.061750231,-1.820679,-0.074647839,0.501877
0.196,-1.91803,-0.062911384,-1.860962,-0.076299442,0.5401532
0.198,-1.955872,-0.064152602,-1.908569,-0.078251329,0.5784294
0.2,-1.961975,-0.06435278,-1.960754,-0.080390914,0.5566683
0.202,-2.039185,-0.066885268,-2.016602,-0.082680682,0.5718233
0.204,-2.069092,-0.067866218,-2.056885,-0.084332285,0.6227287
0.206,-2.103577,-0.068997326,-2.107239,-0.086396799,0.5753206
0.208,-2.14325,-0.0702986,-2.154236,-0.088323676,0.5737663
0.21,-2.1875,-0.07175,-2.204895,-0.090400695,0.6114596
0.212,-2.237549,-0.073391607,-2.243042,-0.091964722,0.6211743
0.214,-2.286072,-0.074983162,-2.273865,-0.093228465,0.6270032
0.216,-2.351379,-0.077125231,-2.32666,-0.09539306,0.6359408
0.218,-2.389526,-0.078376453,-2.372437,-0.097269917,0.6421582
0.22,-2.462769,-0.080778823,-2.406921,-0.098683761,0.6771313
0.222,-2.485046,-0.081509509,-2.455139,-0.100660699,0.6880119
0.224,-2.537842,-0.083241218,-2.514954,-0.103113114,0.7225964
0.226,-2.58606,-0.084822768,-2.546082,-0.104389362,0.7086072
0.228,-2.646484,-0.086804675,-2.592163,-0.106278683,0.7194877
0.23,-2.678223,-0.087845714,-2.77771,-0.11388611,0.716379
0.232,-2.738953,-0.089837658,-2.66571,-0.10929411,0.665085
0.234,-2.782898,-0.091279054,-2.721252,-0.111571332,0.6977266
0.236,-2.82959,-0.092810552,-2.761536,-0.113222976,0.726288
0.238,-2.885437,-0.094642334,-2.793884,-0.114549244,0.7548494
0.24,-2.937622,-0.096354002,-2.845764,-0.116676324,0.8088635
0.242,-2.984009,-0.097875495,-2.898865,-0.118853465,0.8092521
0.244,-3.041077,-0.099747326,-2.944336,-0.120717776,0.7769991
0.246,-3.077393,-0.10093849,-3.085022,-0.126485902,0.7385286
0.248,-3.132935,-0.102760268,-3.052979,-0.125172139,0.791377
0.25,-3.155518,-0.10350099,-3.103027,-0.127224107,0.8143038
0.252,-3.191528,-0.104682118,-3.158569,-0.129501329,0.772336
0.254,-3.229065,-0.105913332,-3.213501,-0.131753541,0.7824394
0.256,-3.262634,-0.107014395,-3.261719,-0.133730479,0.81741255
0.258,-3.296814,-0.108135499,-3.311157,-0.135757437,0.8523857
0.26,-3.341064,-0.109586899,-3.363342,-0.137897022,0.8061434
0.262,-3.366699,-0.110427727,-3.324585,-0.136307985,0.8018689
0.264,-3.385315,-0.111038332,-3.456116,-0.141700756,0.7975944
0.266,-3.428345,-0.112449716,-3.518982,-0.144278262,0.8523857
0.268,-3.435364,-0.112679939,-3.562927,-0.146080007,0.8943534
0.27,-3.463135,-0.113590828,-3.615723,-0.148244643,0.9172803
0.272,-3.487854,-0.114401611,-3.668823,-0.150421743,0.8877474
0.274,-3.507996,-0.115062269,-3.717346,-0.152411186,0.8931877
0.276,-3.517151,-0.115362553,-3.764648,-0.154350568,0.8714266
0.278,-3.54187,-0.116173336,-3.806152,-0.156052232,0.8593803
0.28,-3.543701,-0.116233393,-3.856201,-0.158104241,0.8826957
0.282,-3.573303,-0.117204338,-3.903503,-0.160043623,0.9060111
0.284,-3.591614,-0.117804939,-3.939209,-0.161507569,0.9382642
0.286,-3.606262,-0.118285394,-3.988342,-0.163522022,0.9219434
0.288,-3.627625,-0.1189861,-4.032288,-0.165323808,0.9273836
0.29,-3.637085,-0.119296388,-4.071655,-0.166937855,0.9444816
0.292,-3.65387,-0.119846936,-4.154358,-0.170328678,0.9316581
0.294,-3.666382,-0.12025733,-4.153442,-0.170291122,0.9328239
0.296,-3.686218,-0.12090795,-4.187927,-0.171705007,0.9281608
0.298,-3.688049,-0.120968007,-4.216003,-0.172856123,0.9153373
0.3,-3.685608,-0.120887942,-4.238586,-0.173782026,0.9048454
0.302,-3.718872,-0.121979002,-4.26239,-0.17475799,0.9365155
0.304,-3.782959,-0.124081055,-4.280701,-0.175508741,0.9681856
0.306,-3.748474,-0.122949947,-4.298401,-0.176234441,0.982563
0.308,-3.765564,-0.123510499,-4.315796,-0.176947636,0.99733
0.31,-3.779602,-0.123970946,-4.33136,-0.17758576,0.9660484
0.312,-3.782959,-0.124081055,-4.356079,-0.178599239,0.9347668
0.314,-3.789673,-0.124301274,-4.378967,-0.179537647,0.9798433
0.316,-3.796387,-0.124521494,-4.395447,-0.180213327,0.9627454
0.318,-3.794556,-0.124461437,-4.42688,-0.18150208,1.0157882
0.32,-3.794556,-0.124461437,-4.437561,-0.181940001,1.068831
0.322,-3.789368,-0.12429127,-4.454651,-0.182640691,1.028806
0.324,-3.792114,-0.124381339,-4.460449,-0.182878409,0.98528375
0.326,-3.77594,-0.123850832,-4.472656,-0.183378896,0.9417615
0.328,-3.769836,-0.123650621,-4.475403,-0.183491523,0.93437825
0.33,-3.756714,-0.123220219,-4.476318,-0.183529038,0.926995
0.332,-3.739624,-0.122659667,-4.483032,-0.183804312,0.8687065
0.334,-3.734741,-0.122499505,-4.487,-0.183967,0.92291485
0.336,-3.727112,-0.122249274,-4.493408,-0.184229728,0.9771232
0.338,-3.700562,-0.121378434,-4.503479,-0.184642639,0.9421501
0.34,-3.699951,-0.121358393,-4.512634,-0.185017994,0.983341
0.342,-3.656311,-0.119927001,-4.540405,-0.186156605,0.963717
0.344,-3.670959,-0.120407455,-4.526978,-0.185606098,0.944093
0.346,-3.592529,-0.117834951,-4.533386,-0.185868826,0.9207776
0.348,-3.572083,-0.117164322,-4.535828,-0.185968948,0.8780326
0.35,-3.518372,-0.115402602,-4.540405,-0.186156605,0.9141715
0.352,-3.477478,-0.114061278,-4.541626,-0.186206666,0.9472017
0.354,-3.4375,-0.11275,-4.547119,-0.186431879,0.9732373
0.356,-3.394165,-0.111328612,-4.552002,-0.186632082,0.9265093
0.358,-3.347168,-0.10978711,-4.553833,-0.186707153,0.8797813
0.36,-3.309937,-0.108565934,-4.553528,-0.186694648,0.8850273
0.362,-3.265381,-0.107104497,-4.552612,-0.186657092,0.8737581
0.364,-3.216248,-0.105492934,-4.544678,-0.186331798,0.8663749
0.366,-3.177795,-0.104231676,-4.530945,-0.185768745,0.8622947
0.368,-3.140564,-0.103010499,-4.528198,-0.185656118,0.8582145
0.37,-3.085632,-0.10120873,-4.508057,-0.184830337,0.8465568
0.372,-3.02124,-0.099096672,-4.385071,-0.179787911,0.8597689
0.374,-2.990112,-0.098075674,-4.475098,-0.183479018,0.87395245
0.376,-2.921448,-0.095823494,-4.450378,-0.182465498,0.888136
0.378,-2.883301,-0.094572273,-4.431763,-0.181702283,0.830090288
0.38,-2.836304,-0.093030771,-4.399414,-0.180375974,0.772044575
0.382,-2.774658,-0.091008782,-4.390869,-0.180025629,0.7198763
0.384,-2.74231,-0.089947768,-4.380493,-0.179600213,0.757181
0.386,-2.681885,-0.087965828,-4.361877,-0.178836957,0.7944857
0.388,-2.644958,-0.086754622,-4.323425,-0.177260425,0.7851595
0.39,-2.590332,-0.08496289,-4.300537,-0.176322017,0.8356763
0.392,-2.576294,-0.084502443,-4.270325,-0.175083325,0.79176555
0.394,-2.4823,-0.08141944,-4.206848,-0.172480768,0.7478548
0.396,-2.433167,-0.079807878,-4.123535,-0.169064935,0.6965609
0.398,-2.372742,-0.077825938,-4.105835,-0.168339235,0.6872347
0.4,-2.30957,-0.075753896,-4.051819,-0.166124579,0.6779085
0.402,-2.237244,-0.073381603,-3.998413,-0.163934933,0.6814058
0.404,-2.214966,-0.072650885,-3.980408,-0.163196728,0.6681938
0.406,-2.177124,-0.071409667,-3.896179,-0.159743339,0.6565361
0.408,-2.040405,-0.066925284,-3.83667,-0.15730347,0.673634
0.41,-1.981812,-0.065003434,-3.786011,-0.155226451,0.6341921
0.412,-1.893616,-0.062110605,-3.725586,-0.152749026,0.5947502
0.414,-1.800537,-0.059057614,-3.662109,-0.150146469,0.5689089
0.416,-1.756287,-0.057606214,-3.594666,-0.147381306,0.5430676
0.418,-1.665955,-0.054643324,-3.527527,-0.144628607,0.4948824
0.42,-1.5802,-0.05183056,-3.457336,-0.141750776,0.5092603
0.422,-1.480103,-0.048547378,-3.390198,-0.138998118,0.4704012
0.424,-1.397705,-0.045844724,-3.377991,-0.138497631,0.4529146
0.426,-1.320801,-0.043322273,-3.262939,-0.133780499,0.4766187
0.428,-1.239319,-0.040649663,-3.196411,-0.131052851,0.447863
0.43,-1.139832,-0.03738649,-3.126526,-0.128187566,0.452331775
0.432,-1.045532,-0.03429345,-3.053894,-0.125209654,0.45680055
0.434,-0.9790039,-0.032111328,-2.976379,-0.122031539,0.406672375
0.436,-0.8651733,-0.028377684,-2.901306,-0.118953546,0.3565442
0.438,-0.7785034,-0.025534912,-2.818604,-0.115562764,0.3357546
0.44,-0.6997681,-0.022952394,-2.740784,-0.112372144,0.314965
0.442,-0.5984497,-0.01962915,-2.661438,-0.109118958,0.276106
0.444,-0.5130005,-0.016826416,-2.58606,-0.10602846,0.2889294
0.446,-0.4251099,-0.013943605,-2.500305,-0.102512505,0.27202575
0.448,-0.3384399,-0.011100829,-2.436218,-0.099884938,0.2551221
0.45,-0.2597046,-0.008518311,-2.364197,-0.096932077,0.2131543
0.452,-0.1690674,-0.005545411,-2.290344,-0.093904104,0.2667798
0.454,-0.1095581,-0.003593506,-2.219849,-0.091013809,0.2409385
0.456,-0.004882813,-0.000160156,-2.13562,-0.08756042,0.2150972
0.458,0.08087158,0.002652588,-2.058716,-0.084407356,0.1599174
0.46,0.1385498,0.004544433,-1.961975,-0.080440975,0.1152295
0.462,0.2392578,0.007847656,-1.867371,-0.076562211,0.1284416
0.464,0.3076172,0.010089844,-1.786499,-0.073246459,0.0950228
0.466,0.4046631,0.01327295,-1.698303,-0.069630423,0.06626709
0.468,0.4840088,0.015875489,-1.5979,-0.0655139,0.01730469
0.47,0.5651855,0.018538084,-1.504211,-0.061672651,0.07170736
0.472,0.6460571,0.021190673,-1.410522,-0.057831402,0.041300153
0.474,0.7211304,0.023653077,-1.322937,-0.054240417,0.010892945
0.476,0.791626,0.025965333,-1.240234,-0.050849594,0.01303019
0.478,0.8544922,0.028027344,-1.153564,-0.047296124,0.03634562
0.48,0.9173584,0.030089356,-1.077576,-0.044180616,-0.00547643
0.482,0.965271,0.031660889,-0.9963989,-0.040852355,-0.04729848
0.484,1.005554,0.032982171,-0.9234619,-0.037861938,-0.04797852
0.486,1.073608,0.035214342,-0.8404541,-0.034458618,-0.00095907
0.488,1.162415,0.038127212,-0.7434082,-0.030479736,-0.060656294
0.49,1.246033,0.040869882,-0.6448364,-0.026438292,-0.120353518
0.492,1.35437,0.044423336,-0.5316162,-0.021796264,-0.1563953
0.494,1.427612,0.046825674,-0.4211426,-0.017266847,-0.1979744
0.496,1.527405,0.050098884,-0.3039551,-0.012462159,-0.193408475
0.498,1.610413,0.052821546,-0.189209,-0.007757569,-0.18884255
0.5,1.711121,0.056124769,-0.09613037,-0.003941345,-0.233651906
0.502,1.78772,0.058637216,0.07659912,0.003140564,-0.278461263
0.504,1.863708,0.061129622,0.1852417,0.00759491,-0.299008
0.506,1.947021,0.063862289,0.3131104,0.012837526,-0.2710295
0.508,2.03125,0.066625,0.4272461,0.01751709,-0.2403308
0.51,2.120056,0.069537837,0.5404663,0.022159118,-0.2830758
0.512,2.20459,0.072310552,0.645752,0.026475832,-0.3232949
0.514,2.302551,0.075523673,0.7528687,0.030867617,-0.363514
0.516,2.40448,0.078866944,0.8560181,0.035096742,-0.3955727
0.518,2.487488,0.081589606,0.9671021,0.039651186,-0.4276314
0.52,2.575073,0.084462394,1.078796,0.044230636,-0.4439522
0.522,2.658691,0.087205065,1.193848,0.048947768,-0.4412321
0.524,2.741699,0.089927727,1.305847,0.053539727,-0.4771767
0.526,2.793274,0.091619387,1.434937,0.058832417,-0.5131213
0.528,2.843018,0.09325099,1.544495,0.063324295,-0.50709815
0.53,2.891541,0.094842545,1.650391,0.067666031,-0.501075
0.532,2.933044,0.096203843,1.656494,0.067916254,-0.4886401
0.534,2.89093,0.094822504,1.860962,0.076299442,-0.5253619
0.536,3.01178,0.098786384,1.967163,0.080653683,-0.5620837
0.538,3.057251,0.100277833,2.049866,0.084044506,-0.5733529
0.54,3.108215,0.101949452,2.13501,0.08753541,-0.5659696
0.542,3.149414,0.103300779,2.217407,0.090913687,-0.5710213
0.544,3.193359,0.104742175,2.246704,0.092114864,-0.6262012
0.546,3.238831,0.106233657,2.366028,0.097007148,-0.5881193
0.548,3.277893,0.10751489,2.566528,0.105227648,-0.6331958
0.55,3.290405,0.107925284,2.508545,0.102850345,-0.5947253
0.552,3.372803,0.110627938,2.568359,0.105302719,-0.6141549
0.554,3.406067,0.111718998,2.666321,0.109319161,-0.6487394
0.556,3.453369,0.113270503,2.747192,0.112634872,-0.6930387
0.558,3.485107,0.11431151,2.83844,0.11637604,-0.7163542
0.56,3.512573,0.115212394,2.915649,0.119541609,-0.7190743
0.562,3.5495,0.1164236,3.009644,0.123395404,-0.7043079
0.564,3.587341,0.117664785,3.112488,0.127612008,-0.7105253
0.566,3.607178,0.118315438,3.18634,0.13063994,-0.6841012
0.568,3.673401,0.120487553,3.28064,0.13450624,-0.7361723
0.57,3.721008,0.122049062,3.357239,0.137646799,-0.7936837
0.572,3.773499,0.123770767,3.44696,0.14132536,-0.7567676
0.574,3.825989,0.125492439,3.538208,0.145066528,-0.8016498
0.576,3.885193,0.12743433,3.640747,0.149270627,-0.846532
0.578,3.932495,0.128985836,3.705139,0.151910699,-0.8344857
0.58,3.991394,0.130917723,3.778687,0.154926167,-0.8278796
0.582,4.041138,0.132549326,3.851318,0.157904038,-0.8399259
0.584,4.100952,0.134511226,3.924561,0.160907001,-0.8488635
0.586,4.128113,0.135402106,4.017639,0.164723199,-0.8325427
0.588,4.162903,0.136543218,4.114685,0.168702085,-0.853138
0.59,4.200134,0.137764395,4.202271,0.172293111,-0.902100413
0.592,4.228516,0.138695325,4.300232,0.176309512,-0.951062825
0.594,4.250183,0.139406002,4.411316,0.180863956,-0.9844816
0.596,4.28009,0.140386952,4.5224,0.1854184,-1.0245063
0.598,4.307861,0.141297841,4.616089,0.189259649,-1.064531
0.6,4.320068,0.14169823,4.721985,0.193601385,-1.041993
0.602,4.344177,0.142489006,4.780579,0.196003739,-1.039273
0.604,4.348755,0.142639164,4.909058,0.201271378,-1.031307
0.606,4.378967,0.143630118,4.984436,0.204361876,-1.023341
0.608,4.388123,0.143930434,5.06073,0.20748993,-1.0159574
0.61,4.391174,0.144030507,5.141296,0.210793136,-1.040439
0.612,4.389954,0.143990491,5.136719,0.210605479,-1.0074084
0.614,4.363708,0.143129622,5.271606,0.216135846,-0.968938
0.616,4.358826,0.142969493,5.346985,0.219226385,-1.0008024
0.618,4.346313,0.142559066,5.419006,0.222179246,-1.0054655
0.62,4.328308,0.141968502,5.483704,0.224831864,-0.9732125
0.622,4.30542,0.141217776,5.552979,0.227672139,-0.9425138
0.624,4.288025,0.14064722,5.608826,0.229961866,-0.9693266
0.626,4.277344,0.140296883,5.668945,0.232426745,-1.0112944
0.628,4.259949,0.139726327,5.725403,0.234741523,-1.0468502
0.63,4.259338,0.139706286,5.772705,0.236680905,-1.082406
0.632,4.245605,0.139255844,5.827637,0.238933117,-1.027227
0.634,4.23645,0.13895556,5.874329,0.240847489,-1.0101286
0.636,4.197693,0.13768433,5.919495,0.242699295,-0.9724353
0.638,4.208679,0.138044671,5.961304,0.244413464,-0.9794299
0.64,4.182129,0.137173831,5.999146,0.245964986,-1.0112944
0.642,4.172058,0.136843502,6.029968,0.247228688,-1.025672
0.644,4.150085,0.136122788,6.054688,0.248242208,-0.9891447
0.646,4.129944,0.135462163,6.072693,0.248980413,-0.9491199
0.648,4.112244,0.134881603,6.091003,0.249731123,-0.9747668
0.65,4.093323,0.134260994,6.091309,0.249743669,-0.9623319
0.652,4.076233,0.133700442,6.108093,0.250431813,-0.9355192
0.654,4.070129,0.133500231,6.099548,0.250081468,-0.9805956
0.656,4.051819,0.132899663,6.132507,0.251432787,-1.025672
0.658,4.049072,0.132809562,6.147766,0.252058406,-1.036164
0.66,4.039307,0.13248927,6.157532,0.252458812,-0.9976937
0.662,4.020996,0.131888669,6.178589,0.253322149,-1.0179004
0.664,4.009399,0.131508287,6.200867,0.254235547,-0.9875903
0.666,4.006348,0.131408214,6.22406,0.25518646,-1.0035225
0.668,3.988647,0.130827622,6.25,0.25625,-1.0019682
0.67,3.955688,0.129746566,6.271057,0.257113337,-1.0105172
0.672,3.923645,0.128695556,6.290588,0.257914108,-0.9914762
0.674,3.887634,0.127514395,6.382446,0.261680286,-1.00157955
0.676,3.841858,0.126012942,6.329346,0.259503186,-1.0116829
0.678,3.80249,0.124721672,6.341858,0.260016178,-0.9767098
0.68,3.747559,0.122919935,6.329651,0.259515691,-0.9533944
0.682,3.717957,0.12194899,6.367798,0.261079718,-0.95184
0.684,3.656616,0.119937005,6.383667,0.261730347,-0.8947172
0.686,3.61145,0.11845556,6.397095,0.262280895,-0.9013232
0.688,3.624268,0.11887599,6.412659,0.262919019,-0.8826709
0.69,3.516846,0.115352549,6.430359,0.263644719,-0.9094836
0.692,3.459167,0.113460678,6.438293,0.263970013,-0.90365475
0.694,3.395996,0.111388669,6.442871,0.264157711,-0.8978259
0.696,3.340759,0.109576895,6.443481,0.264182721,-0.8966602
0.698,3.269043,0.10722461,6.45874,0.26480834,-0.8543038
0.7,3.19397,0.104762216,6.467285,0.265158685,-0.8585783
0.702,3.11615,0.10220972,6.47644,0.26553404,-0.8527494
0.704,3.037415,0.099627212,6.482849,0.265796809,-0.795238
0.706,2.953491,0.096874505,6.47583,0.26550903,-0.8111702
0.708,2.88147,0.094512216,6.479797,0.265671677,-0.8383716
0.71,2.810059,0.092169935,6.481323,0.265734243,-0.78377465
0.712,2.739258,0.089847662,6.467285,0.265158685,-0.7291777
0.714,2.69928,0.088536384,6.442871,0.264157711,-0.7524931
0.716,2.614136,0.085743661,6.407776,0.262718816,-0.7202401
0.718,2.549438,0.083621566,6.374817,0.261367497,-0.7043079
0.72,2.49115,0.08170972,6.330872,0.259565752,-0.7027535
0.722,2.425232,0.07954761,6.274109,0.257238469,-0.6977018
0.724,2.367859,0.077665775,6.227112,0.255311592,-0.6506824
0.726,2.276001,0.074652833,6.174622,0.253159502,-0.6654488
0.728,2.226563,0.073031266,6.1203,0.2509323,-0.6545683
0.73,2.15332,0.070628896,6.06781,0.24878021,-0.6518481
0.732,2.087097,0.068456782,6.003723,0.246152643,-0.6475736
0.734,2.027893,0.06651489,5.948181,0.243875421,-0.6363045
0.736,1.955872,0.064152602,5.888062,0.241410542,-0.6207609
0.738,1.897583,0.062240722,5.810242,0.238219922,-0.5908394
0.74,1.838379,0.060298831,5.753174,0.235880134,-0.6040515
0.742,1.772461,0.058136721,5.681763,0.232952283,-0.5768502
0.744,1.722107,0.05648511,5.603638,0.229749158,-0.5628609
0.746,1.661377,0.054493166,5.528259,0.226658619,-0.528665
0.748,1.601257,0.05252123,5.450134,0.223455494,-0.5581978
0.75,1.533508,0.050299062,5.362244,0.219852004,-0.509624
0.752,1.466675,0.04810694,5.290833,0.216924153,-0.4968005
0.754,1.390076,0.045594493,5.141907,0.210818187,-0.4692106
0.756,1.315918,0.04316211,5.109253,0.209479373,-0.4657133
0.758,1.242371,0.040749769,5.022888,0.205938408,-0.462216
0.76,1.152954,0.037816891,4.935303,0.202347423,-0.4169452
0.762,1.074524,0.035244387,4.852905,0.198969105,-0.3716744
0.764,0.9805298,0.032161377,4.768066,0.195490706,-0.4120878
0.766,0.916748,0.030069334,4.689331,0.192262571,-0.3825549
0.768,0.809021,0.026535889,4.60907,0.18897187,-0.3409757
0.77,0.7287598,0.023903321,4.538574,0.186081534,-0.3631254
0.772,0.6329346,0.020760255,4.471436,0.183328876,-0.33981
0.774,0.5465698,0.017927489,4.399414,0.180375974,-0.2951221
0.776,0.4440308,0.01456421,4.326782,0.177398062,-0.2881274
0.778,0.3485107,0.011431151,4.249878,0.174244998,-0.297065
0.78,0.2554321,0.008378173,4.18396,0.17154236,-0.2597603
0.782,0.151062,0.004954834,4.101868,0.168176588,-0.2321704
0.784,0.05096436,0.001671631,4.01825,0.16474825,-0.2220671
0.786,-0.01586914,-0.000520508,3.933411,0.161269851,-0.2115751
0.788,-0.1547241,-0.00507495,3.842468,0.157541188,-0.2333362
0.79,-0.2441406,-0.008007812,3.754883,0.153950203,-0.1956429
0.792,-0.352478,-0.011561278,3.66394,0.15022154,-0.1824308
0.794,-0.4443359,-0.014574218,3.571472,0.146430352,-0.1416288
0.796,-0.5407715,-0.017737305,3.482666,0.142789306,-0.1637785
0.798,-0.6387329,-0.020950439,3.389893,0.138985613,-0.1548409
0.8,-0.7080078,-0.023222656,3.298035,0.135219435,-0.10276978
0.802,-0.7858276,-0.025775145,3.18512,0.13058992,-0.0771228
0.804,-0.8526611,-0.027967284,3.095398,0.126911318,-0.09227783
0.806,-0.9265137,-0.030389649,3.001709,0.123070069,-0.08023153
0.808,-1.003418,-0.03291211,2.89917,0.11886597,-0.024663086
0.81,-1.08429,-0.035564712,2.793884,0.114549244,-0.01222819
0.812,-1.141968,-0.03745655,2.683411,0.110019851,0.01885905
0.814,-1.219482,-0.03999901,2.570801,0.105402841,0.01108724
0.816,-1.276245,-0.041860836,2.457581,0.100760821,0.02973958
0.818,-1.374207,-0.04507399,2.333374,0.095668334,0.03789998
0.82,-1.394348,-0.045734614,2.216187,0.090863667,0.07714762
0.822,-1.470947,-0.048247062,2.090149,0.085696109,0.056163735
0.824,-1.514282,-0.04966845,1.962585,0.080465985,0.03517985
0.826,-1.544495,-0.050659436,1.850586,0.075874026,0.0930798
0.828,-1.570435,-0.051510268,1.738281,0.071269521,0.12008685
0.83,-1.590881,-0.052180897,1.622009,0.066502369,0.1470939
0.832,-1.62262,-0.053221936,1.494141,0.061259781,0.1502026
0.834,-1.668396,-0.054723389,1.368713,0.056117233,0.1673006
0.836,-1.71936,-0.056395008,1.224976,0.050224016,0.1781812
0.838,-1.820984,-0.059728275,1.090393,0.044706113,0.1933362
0.84,-1.860962,-0.061039554,0.9487915,0.038900452,0.2318066
0.842,-1.942139,-0.063702159,0.8084106,0.033144835,0.2271436
0.844,-2.024536,-0.066404781,0.6610107,0.027101439,0.2508476
0.846,-2.109985,-0.069207508,0.513916,0.021070556,0.2988385
0.848,-2.18811,-0.071770008,0.3659058,0.015002138,0.3468294
0.85,-2.260742,-0.074152338,0.2020264,0.008283082,0.3157422
0.852,-2.284241,-0.074923105,0.0592041,0.002427368,0.3165194
0.854,-2.389526,-0.078376453,-0.09094238,-0.003728638,0.3608187
0.856,-2.449646,-0.080348389,-0.2359009,-0.009671937,0.3689791
0.858,-2.526245,-0.082860836,-0.3771973,-0.015465089,0.4113354
0.86,-2.611694,-0.085663563,-0.5148315,-0.021108092,0.4556348
0.862,-2.694702,-0.088386226,-0.652771,-0.026763611,0.4400911
0.864,-2.754822,-0.090358162,-0.7922363,-0.032481688,0.4742871
0.866,-2.831116,-0.092860605,-0.9381104,-0.038462526,0.4898307
0.868,-2.906799,-0.095343007,-1.080933,-0.044318253,0.5053743
0.87,-2.958069,-0.097024663,-1.223755,-0.050173955,0.5162549
0.872,-3.022766,-0.099146725,-1.364136,-0.055929576,0.55919415
0.874,-3.060608,-0.100387942,-1.497498,-0.061397418,0.6021334
0.876,-3.091736,-0.101408941,-1.63208,-0.06691528,0.5842582
0.878,-3.113708,-0.102129622,-1.759644,-0.072145404,0.5877555
0.88,-3.131104,-0.102700211,-1.880798,-0.077112718,0.6297233
0.882,-3.125,-0.1025,-2.104797,-0.086296677,0.6188428
0.884,-3.215637,-0.105472894,-2.122803,-0.087034923,0.6382723
0.886,-3.138428,-0.102940438,-2.241516,-0.091902156,0.6685824
0.888,-3.139038,-0.102960446,-2.353821,-0.096506661,0.6464327
0.89,-3.118591,-0.102289785,-2.460022,-0.100860902,0.6561475
0.892,-3.148499,-0.103270767,-2.563171,-0.105090011,0.7047213
0.894,-3.146362,-0.103200674,-2.669983,-0.109469303,0.7222078
0.896,-3.153992,-0.103450938,-2.77832,-0.11391112,0.7280367
0.898,-3.14209,-0.103060552,-2.890015,-0.118490615,0.7247337
0.9,-3.135071,-0.102830329,-3.006592,-0.123270272,0.7214307
0.902,-3.147888,-0.103250726,-3.12561,-0.12815001,0.7490206
0.904,-3.134155,-0.102800284,-3.241577,-0.132904657,0.7703931
0.906,-3.105164,-0.101849379,-3.359985,-0.137759385,0.7824394
0.908,-3.098755,-0.101639164,-3.482971,-0.142801811,0.7536837
0.91,-3.076477,-0.100908446,-3.583679,-0.146930839,0.7680615
0.912,-3.068848,-0.100658214,-3.703918,-0.151860638,0.7948743
0.914,-3.057861,-0.100297841,-3.814697,-0.156402577,0.7750562
0.916,-3.045044,-0.099877443,-3.9328,-0.1612448,0.79604
0.918,-3.052063,-0.100107666,-4.043579,-0.165786739,0.82363
0.92,-3.049316,-0.100017565,-4.149475,-0.170128475,0.8038118
0.922,-3.106079,-0.101879391,-4.257813,-0.174570333,0.8426709
0.924,-3.06366,-0.100488048,-4.360352,-0.178774432,0.8737581
0.926,-3.071594,-0.100748283,-4.453735,-0.182603135,0.9157259
0.928,-3.077393,-0.10093849,-4.551086,-0.186594526,0.8632662
0.93,-3.08075,-0.1010486,-4.646301,-0.190498341,0.8275159
0.932,-3.102722,-0.101769282,-4.741211,-0.194389651,0.8599632
0.934,-3.081055,-0.101058604,-4.84436,-0.19861876,0.8924105
0.936,-3.074341,-0.100838385,-4.953308,-0.203085628,0.8943534
0.938,-3.056946,-0.100267829,-5.064697,-0.207652577,0.9398185
0.94,-3.038025,-0.09964722,-5.173035,-0.212094435,0.9429272
0.942,-3.027649,-0.099306887,-5.279236,-0.216448676,0.9328239
0.944,-3.008423,-0.098676274,-5.534058,-0.226896378,0.9534192
0.946,-2.987061,-0.097975601,-5.479431,-0.224656671,0.9425387
0.948,-2.968445,-0.097364996,-5.566101,-0.228210141,0.9409843
0.95,-2.945557,-0.09661427,-5.65094,-0.23168854,0.9662427
0.952,-2.918091,-0.095713385,-5.723572,-0.234666452,0.946036
0.954,-2.88208,-0.094532224,-5.79834,-0.23773194,0.9600252
0.956,-2.853088,-0.093581286,-5.859985,-0.240259385,0.9693514
0.958,-2.805786,-0.092029781,-5.921631,-0.242786871,0.9670199
0.96,-2.759705,-0.090518324,-5.984802,-0.245376882,0.9180575
0.962,-2.743225,-0.08997778,-6.033325,-0.247366325,0.91145145
0.964,-2.631531,-0.086314217,-6.089783,-0.249681103,0.9048454
0.966,-2.552185,-0.083711668,-6.13678,-0.25160798,0.8718152
0.968,-2.466736,-0.080908941,-6.191711,-0.253860151,0.8714266
0.97,-2.410889,-0.079077159,-6.243591,-0.255987231,0.9036796
0.972,-2.333984,-0.076554675,-6.280823,-0.257513743,0.8893018
0.974,-2.259827,-0.074122326,-6.32019,-0.25912779,0.8613232
0.976,-2.183533,-0.071619882,-6.369629,-0.261154789,0.8547172
0.978,-2.100525,-0.06889722,-6.38092,-0.26161772,0.8916333
0.98,-2.034607,-0.06673511,-6.407166,-0.262693806,0.8541343
0.982,-1.948547,-0.063912342,-6.414795,-0.263006595,0.8166353
0.984,-1.88446,-0.061810288,-6.437073,-0.263919993,0.8259615
0.986,-1.799927,-0.059037606,-6.433716,-0.263782356,0.7703931
0.988,-1.730042,-0.056745378,-6.44928,-0.26442048,0.7661186
0.99,-1.65802,-0.054383056,-6.448059,-0.264370419,0.7560152
0.992,-1.577454,-0.051740491,-6.440735,-0.264070135,0.7105501
0.994,-1.499329,-0.049177991,-6.425476,-0.263444516,0.673634
0.996,-1.435242,-0.047075938,-6.40686,-0.26268126,0.7051099
0.998,-1.364746,-0.044763669,-6.386719,-0.261855479,0.7101615
1,-1.307373,-0.042881834,-6.365967,-0.261004647,0.7183219
1.002,-1.222839,-0.040109119,-6.347046,-0.260228886,0.7237622
1.004,-1.181946,-0.038767829,-6.331177,-0.259578257,0.6786857
1.006,-1.123962,-0.036865954,-6.322327,-0.259215407,0.7031669
1.008,-1.068726,-0.035054213,-6.321411,-0.259177851,0.6938407
1.01,-1.017151,-0.033362553,-6.295471,-0.258114311,0.6862632
1.012,-0.9658813,-0.031680907,-6.292419,-0.257989179,0.6786857
1.014,-0.9146118,-0.029999267,-6.263123,-0.256788043,0.6767428
1.016,-0.8624268,-0.028287599,-6.239929,-0.255837089,0.6806287
1.018,-0.8114624,-0.026615967,-6.214905,-0.254811105,0.6495414
1.02,-0.7226563,-0.023703127,-6.189575,-0.253772575,0.6437126
1.022,-0.692749,-0.022722167,-6.15448,-0.25233368,0.6448783
1.024,-0.6311035,-0.020700195,-6.132507,-0.251432787,0.6118481
1.026,-0.5645752,-0.018518067,-6.090698,-0.249718618,0.6036877
1.028,-0.4959106,-0.016265868,-6.061401,-0.248517441,0.6060193
1.03,-0.4296875,-0.01409375,-6.022339,-0.246915899,0.5722119
1.032,-0.3555298,-0.011661377,-5.991211,-0.245639651,0.5547253
1.034,-0.2865601,-0.009399171,-5.952454,-0.244050614,0.5391817
1.036,-0.2145386,-0.007036866,-5.918884,-0.242674244,0.5687146
1.038,-0.1361084,-0.004464356,-5.883484,-0.241222844,0.5535596
1.04,-0.06744385,-0.002212158,-6.114502,-0.250694582,0.5317985
1.042,0.01098633,0.000360352,-5.803833,-0.237957153,0.5461764
1.044,0.09338379,0.003062988,-5.760803,-0.236192923,0.4878878
1.046,0.1715088,0.005625489,-5.718079,-0.234441239,0.4606864
1.048,0.269165,0.008828612,-5.666504,-0.232326664,0.4338737
1.05,0.3643799,0.011951661,-5.619202,-0.230387282,0.4226046
1.052,0.4638672,0.015214844,-5.567932,-0.228285212,0.3915173
1.054,0.5581665,0.018307861,-5.505981,-0.225745221,0.3837455
1.056,0.6555176,0.021500977,-5.444031,-0.223205271,0.3701449
1.058,0.7510376,0.024634033,-5.367737,-0.220077217,0.3417778
1.06,0.8325195,0.02730664,-5.28656,-0.21674896,0.3079704
1.062,0.9140015,0.029979249,-5.197144,-0.213082904,0.308359
1.064,0.9921265,0.032541749,-5.106506,-0.209366746,0.2601737
1.066,1.054382,0.03458373,-4.998779,-0.204949939,0.235304
1.068,1.140137,0.037396494,-4.89624,-0.20074584,0.257065
1.07,1.208801,0.039648673,-4.793396,-0.196529236,0.2046053
1.072,1.249695,0.040989996,-4.680786,-0.191912226,0.1968335
1.074,1.346436,0.044163101,-4.581299,-0.187833259,0.2438529
1.076,1.411438,0.046295166,-4.474487,-0.183453967,0.1954734
1.078,1.489563,0.048857666,-4.368286,-0.179099726,0.1470939
1.08,1.533203,0.050289058,-4.251709,-0.174320069,0.1105664
1.082,1.585388,0.052000726,-4.133606,-0.169477846,0.07986776
1.084,1.635132,0.05363233,-4.013977,-0.164573057,0.087251
1.086,1.67511,0.054943608,-3.883972,-0.159242852,0.06238118
1.088,1.7099,0.05608472,-3.746948,-0.153624868,0.0888053
1.09,1.776733,0.058276842,-3.616333,-0.148269653,0.03440267
1.092,1.77887,0.058346936,-3.488159,-0.143014519,0.02468791
1.094,1.812744,0.059458003,-3.350525,-0.137371525,0.01885905
1.096,1.841431,0.060398937,-3.21167,-0.13167847,-0.00212484
1.098,1.878052,0.061600106,-3.075562,-0.126098042,0.00331543
1.1,1.891479,0.062040511,-2.944031,-0.120705271,0.01497314
1.102,1.904297,0.062460942,-2.817993,-0.115537713,-0.03321208
1.104,1.925659,0.063161615,-2.695618,-0.110520338,-0.05924764
1.106,1.943359,0.063742175,-2.590332,-0.106203612,-0.0852832
1.108,1.955566,0.064142565,-2.475281,-0.101486521,-0.09383219
1.11,1.97876,0.064903328,-2.365723,-0.096994643,-0.11909058
1.112,2.003784,0.065724115,-2.249146,-0.092214986,-0.1315255
1.114,2.041016,0.066945325,-2.12616,-0.08717256,-0.1723275
1.116,2.086792,0.068446778,-2.001648,-0.082067568,-0.1641671
1.118,2.132568,0.06994823,-1.875916,-0.076912556,-0.1645557
1.12,2.183228,0.071609878,-1.753235,-0.071882635,-0.1789335
1.122,2.228088,0.073081286,-1.618958,-0.066377278,-0.2100208
1.124,2.276917,0.074682878,-1.49353,-0.06123473,-0.2251758
1.126,2.320557,0.07611427,-1.361084,-0.055804444,-0.2209013
1.128,2.368774,0.077695787,-1.229858,-0.050424178,-0.22401
1.13,2.409668,0.07903711,-1.094971,-0.044893811,-0.2686979
1.132,2.453308,0.080468502,-0.9732056,-0.03990143,-0.2826872
1.134,2.497864,0.081929939,-0.8380127,-0.034358521,-0.2484912
1.136,2.558594,0.083921883,-0.8590698,-0.035221862,-0.2896818
1.138,2.530518,0.08300099,-0.6036377,-0.024749146,-0.3359241
1.14,2.651367,0.086964838,-0.4794312,-0.019656679,-0.3553536
1.142,2.7005,0.0885764,-0.3997803,-0.016390992,-0.3677885
1.144,2.737122,0.089777602,-0.2355957,-0.009659424,-0.3813892
1.146,2.772522,0.090938722,-0.1098633,-0.004504395,-0.3914925
1.148,2.794189,0.091649399,0.02166748,0.000888367,-0.4186938
1.15,2.859192,0.093781498,0.1528931,0.006268617,-0.4284086
1.152,2.813416,0.092280045,0.2893066,0.011861571,-0.4369576
1.154,2.815857,0.09236011,0.4193115,0.017191772,-0.4571643
1.156,2.805786,0.092029781,0.5563354,0.022809751,-0.4653247
1.158,2.775574,0.091038827,0.6878662,0.028202514,-0.4785368
1.16,2.75238,0.090278064,0.81604,0.03345764,-0.4540556
1.162,2.729797,0.089537342,0.9390259,0.038500062,-0.47173645
1.164,2.720642,0.089237058,1.068726,0.043817766,-0.4894173
1.166,2.696228,0.088436278,1.194458,0.048972778,-0.5119556
1.168,2.689209,0.088206055,1.302795,0.053414595,-0.5263334
1.17,2.651062,0.086954834,1.416626,0.058081666,-0.5084583
1.172,2.623596,0.086053949,1.536255,0.062986455,-0.5088468
1.174,2.597351,0.085193113,1.632996,0.066952836,-0.5185616
1.176,2.565308,0.084142102,1.779785,0.072971185,-0.5671354
1.178,2.524109,0.082790775,1.9104,0.0783264,-0.5671354
1.18,2.490234,0.081679675,2.034607,0.083418887,-0.5799589
1.182,2.450256,0.080368397,2.164001,0.088724041,-0.5535347
1.184,2.414551,0.079197273,2.287292,0.093778972,-0.5856906
1.186,2.381287,0.078106214,2.404785,0.098596185,-0.6178465
1.188,2.348938,0.077045166,2.516174,0.103163134,-0.5636381
1.19,2.327576,0.076344493,2.638855,0.108193055,-0.5966683
1.192,2.303772,0.075563722,2.752991,0.112872631,-0.6001656
1.194,2.289429,0.075093271,2.86438,0.11743958,-0.6211495
1.196,2.285156,0.074953117,2.975159,0.121981519,-0.5951139
1.198,2.270203,0.074462658,3.071899,0.125947859,-0.6328072
1.2,2.263184,0.074232435,3.164368,0.129739088,-0.6440763
1.202,2.254944,0.073962163,3.266907,0.133943187,-0.6677804
1.204,2.243347,0.073581782,3.345642,0.137171322,-0.6638944
1.206,2.23999,0.073471672,3.424683,0.140412003,-0.6635059
1.208,2.216797,0.072710942,3.506775,0.143777775,-0.674775
1.21,2.200928,0.072190438,3.5849,0.1469809,-0.6868213
1.212,2.184448,0.071649894,3.676147,0.150722027,-0.7128569
1.214,2.161255,0.070889164,3.753662,0.153900142,-0.698479
1.216,2.133484,0.069978275,3.840027,0.157441107,-0.7031421
1.218,2.106018,0.06907739,3.931885,0.161207285,-0.7078052
1.22,2.084656,0.068376717,4.01001,0.16441041,-0.7229602
1.222,2.065735,0.067756108,4.093018,0.167813738,-0.7140226
1.224,2.025452,0.066434826,4.159241,0.170528881,-0.7093595
1.226,1.994324,0.065413827,4.240112,0.173844592,-0.7054736
1.228,1.960449,0.064302727,4.310608,0.176734928,-0.672832
1.23,1.933594,0.063421883,4.362793,0.178874513,-0.7085824
1.232,1.870117,0.061339838,4.425659,0.181452019,-0.6720549
1.234,1.81427,0.059508056,4.484253,0.183854373,-0.6743864
1.236,1.753845,0.057526116,4.542236,0.186231676,-0.6685575
1.238,1.681519,0.055153823,4.596863,0.188471383,-0.6565112
1.24,1.606445,0.052691396,4.637451,0.190135491,-0.6739978
1.242,1.512451,0.049608393,4.710693,0.193138413,-0.6774951
1.244,1.446228,0.047436278,4.769897,0.195565777,-0.6677804
1.246,1.358643,0.04456349,4.83429,0.19820589,-0.664283
1.248,1.303101,0.042741713,4.891357,0.200545637,-0.6638944
1.25,1.217041,0.039918945,4.949036,0.202910476,-0.6561226
1.252,1.114197,0.036545662,5.00885,0.20536285,-0.614932
1.254,1.035156,0.033953117,5.058899,0.207414859,-0.6246468
1.256,0.9588623,0.031450683,5.111084,0.209554444,-0.6157092
1.258,0.8895874,0.029178467,5.158997,0.211518877,-0.5815133
1.26,0.8032227,0.026345705,5.203857,0.213358137,-0.591228
1.262,0.7196045,0.023603028,5.149231,0.211118471,-0.6262012
1.264,0.6381226,0.020930421,5.296021,0.217136861,-0.5904508
1.266,0.5654907,0.018548095,5.297241,0.217186881,-0.5815133
1.268,0.4870605,0.015975584,5.372314,0.220264874,-0.5562549
1.27,0.4049683,0.01328296,5.402222,0.221491102,-0.5484831
1.272,0.3396606,0.011140868,5.427856,0.222542096,-0.5784045
1.274,0.3222656,0.010570312,5.470581,0.224293821,-0.5628609
1.276,0.2182007,0.007156983,5.4776,0.2245816,-0.5410999
1.278,0.1586914,0.005205078,5.497437,0.225394917,-0.5640267
1.28,0.1260376,0.004134033,5.514221,0.226083061,-0.5591693
1.282,0.06774902,0.002222168,5.526428,0.226583548,-0.5543119
1.284,0.02349854,0.000770752,5.552368,0.227647088,-0.5123442
1.286,-0.01953125,-0.000640625,5.56366,0.22811006,-0.5329395
1.288,-0.06011963,-0.001971924,5.586243,0.229035963,-0.5426542
1.29,-0.1028442,-0.00337329,5.592346,0.229286186,-0.5255562
1.292,-0.1504517,-0.004934816,5.602112,0.229686592,-0.5407113
1.294,-0.2178955,-0.007146972,5.630188,0.230837708,-0.5399341
1.296,-0.2557373,-0.008388183,5.602417,0.229699097,-0.5585864
1.298,-0.2941895,-0.009649416,5.592651,0.229298691,-0.5107898
1.3,-0.3512573,-0.011521239,5.58075,0.22881075,-0.4874744
1.302,-0.3988647,-0.013082762,5.563965,0.228122565,-0.4715422
1.304,-0.4681396,-0.015354979,5.545044,0.227346804,-0.4808683
1.306,-0.5227661,-0.017146728,5.50354,0.22564514,-0.4781482
1.308,-0.5838013,-0.019148683,5.500183,0.225507503,-0.4614388
1.31,-0.6491089,-0.021290772,5.478516,0.224619156,-0.4132536
1.312,-0.7122803,-0.023362794,5.457458,0.223755778,-0.4326831
1.314,-0.788269,-0.025855223,5.422974,0.222341934,-0.4346261
1.316,-0.8535767,-0.027997316,5.391846,0.221065686,-0.39129825
1.318,-0.9161377,-0.030049317,5.365906,0.220002146,-0.3479704
1.32,-1.00708,-0.033032224,5.325317,0.218337997,-0.3572965
1.322,-1.098938,-0.036045166,5.296936,0.217174376,-0.3164945
1.324,-1.177979,-0.038637711,5.257874,0.215572834,-0.3355355
1.326,-1.254883,-0.041160162,5.341187,0.218988667,-0.2986194
1.328,-1.36322,-0.044713616,5.180054,0.212382214,-0.261509
1.33,-1.448364,-0.047506339,5.140991,0.210780631,-0.2243986
1.332,-1.542053,-0.050579338,5.097656,0.209003896,-0.2216785
1.334,-1.63208,-0.053532224,5.052185,0.207139585,-0.2414966
1.336,-1.71051,-0.056104728,5,0.205,-0.21954125
1.338,-1.789551,-0.058697273,4.956665,0.203223265,-0.1975859
1.34,-1.859741,-0.060999505,4.888611,0.200433051,-0.1824308
1.342,-1.931763,-0.063361826,4.822388,0.197717908,-0.1323027
1.344,-1.989441,-0.065253665,4.759216,0.195127856,-0.1715503
1.346,-2.086182,-0.06842677,4.691772,0.192362652,-0.1571724
1.348,-2.106018,-0.06907739,4.630432,0.189847712,-0.1552295
1.35,-2.166138,-0.071049326,4.56604,0.18720764,-0.1361886
1.352,-2.211304,-0.072530771,4.507141,0.184792781,-0.11598185
1.354,-2.261353,-0.074172378,4.442749,0.182152709,-0.08256307
1.356,-2.303772,-0.075563722,4.382935,0.179700335,-0.06973958
1.358,-2.358093,-0.07734545,4.316711,0.176985151,-0.07284831
1.36,-2.371216,-0.077775885,4.249878,0.174244998,-0.07090535
1.362,-2.398376,-0.078666733,4.177246,0.171267086,-0.03204631
1.364,-2.405701,-0.078906993,4.109497,0.168489377,-0.06818522
1.366,-2.426758,-0.079597662,4.021912,0.164898392,-0.04214966
1.368,-2.428284,-0.079647715,3.945313,0.161757833,-0.02
1.37,-2.437134,-0.079937995,3.853455,0.157991655,-0.019222819
1.372,-2.450562,-0.080378434,3.769836,0.154563276,-0.0036792
1.374,-2.446594,-0.080248283,3.673706,0.150621946,-0.00212484
1.376,-2.450256,-0.080368397,3.595886,0.147431326,-0.0118396
1.378,-2.464294,-0.080828843,3.516235,0.144165635,0.01652751
1.38,-2.472839,-0.081109119,3.416748,0.140086668,0.0250765
1.382,-2.488708,-0.081629622,3.32489,0.13632049,0.04217448
1.384,-2.503662,-0.082120114,3.23822,0.13276702,-0.013782552
1.386,-2.507629,-0.082250231,3.153076,0.129276116,0.03207113
1.388,-2.512207,-0.08240039,3.07373,0.12602293,0.00914429
1.39,-2.510376,-0.082340333,3.024902,0.124020982,0.03479126
1.392,-2.535706,-0.083171157,2.920227,0.119729307,0.06684998
1.394,-2.49939,-0.081979992,2.841187,0.116488667,0.0989087
1.396,-2.491455,-0.081719724,2.768555,0.113510755,0.1020174
1.398,-2.489624,-0.081659667,2.686462,0.110144942,0.1000745
1.4,-2.527466,-0.082900885,2.58606,0.10602846,0.1214469
1.402,-2.553711,-0.083761721,2.483826,0.101836866,0.151757
1.404,-2.591553,-0.085002938,2.373657,0.097319937,0.1474825
1.406,-2.633362,-0.086374274,2.250671,0.092277511,0.1777926
1.408,-2.680969,-0.087935783,2.130127,0.087335207,0.2185946
1.41,-2.707214,-0.088796619,1.990356,0.081604596,0.2403556
1.412,-2.756958,-0.090428222,1.871033,0.076712353,0.2582308
1.414,-2.778931,-0.091148937,1.741333,0.071394653,0.2694999
1.416,-2.805176,-0.092009773,1.634827,0.067027907,0.2376355
1.418,-2.823181,-0.092600337,1.489868,0.061084588,0.2558993
1.42,-2.832642,-0.092910658,1.377563,0.056480083,0.2796033
1.422,-2.855225,-0.09365138,1.202087,0.049285567,0.2687227
1.424,-2.793579,-0.091629391,1.152649,0.047258609,0.2928153
1.426,-2.873535,-0.094251948,1.037903,0.042554023,0.306416
1.428,-2.88208,-0.094532224,0.9136963,0.037461548,0.3221539
1.43,-2.884827,-0.094622326,0.7852173,0.032193909,0.3378918
1.432,-2.865906,-0.094001717,0.6469727,0.026525881,0.3464408
1.434,-2.850037,-0.093481214,0.4992676,0.020469972,0.3716992
1.436,-2.821045,-0.092530276,0.3500366,0.014351501,0.3720878
1.438,-2.780762,-0.091208994,0.206604,0.008470764,0.3670361
1.44,-2.729492,-0.089527338,0.06378174,0.002615051,0.3821912
1.442,-2.673645,-0.087695556,-0.06317139,-0.002590027,0.364316
1.444,-2.600708,-0.085303222,-0.21698,-0.00889618,0.3538241
1.446,-2.524109,-0.082790775,-0.3521729,-0.014439089,0.3487724
1.448,-2.454834,-0.080518555,-0.4934692,-0.020232237,0.3775281
1.45,-2.394104,-0.078526611,-0.6030273,-0.024724119,0.3573214
1.452,-2.275696,-0.074642829,-0.7220459,-0.029603882,0.3992891
1.454,-2.218628,-0.072770998,-0.8334351,-0.034170839,0.3876314
1.456,-2.157898,-0.070779054,-0.9417725,-0.038612673,0.3919059
1.458,-2.093201,-0.068656993,-1.047058,-0.042929378,0.3934603
1.46,-2.019958,-0.066254622,-1.152039,-0.047233599,0.4074495
1.462,-1.980286,-0.064953381,-1.261902,-0.051737982,0.3981234
1.464,-1.91864,-0.062931392,-1.374512,-0.056354992,0.3922945
1.466,-1.868591,-0.061289785,-1.489563,-0.061072083,0.3915173
1.468,-1.826782,-0.05991845,-1.611938,-0.066089458,0.4105583
1.47,-1.756287,-0.057606214,-1.736755,-0.071206955,0.4130841
1.472,-1.71814,-0.056354992,-1.868286,-0.076599726,0.4156099
1.474,-1.673889,-0.054903559,-1.993408,-0.081729728,0.4132784
1.476,-1.635437,-0.053642334,-2.121887,-0.086997367,0.4237703
1.478,-1.594543,-0.05230101,-2.246094,-0.092089854,0.4470858
1.48,-1.569214,-0.051470219,-2.370911,-0.097207351,0.4128898
1.482,-1.539917,-0.050509278,-2.49054,-0.10211214,0.4494173
1.484,-1.528015,-0.050118892,-2.59552,-0.10641632,0.4591321
1.486,-1.513977,-0.049658446,-2.700195,-0.110707995,0.471567
1.488,-1.505432,-0.04937817,-2.802429,-0.114899589,0.4564119
1.49,-1.491089,-0.048907719,-2.892151,-0.118578191,0.4700126
1.492,-1.483459,-0.048657455,-2.987366,-0.122482006,0.4902193
1.494,-1.466675,-0.04810694,-3.084412,-0.126460892,0.4894421
1.496,-1.433105,-0.047005844,-3.190002,-0.130790082,0.4937166
1.498,-1.403809,-0.046044935,-3.306274,-0.135557234,0.5127576
1.5,-1.36261,-0.044693608,-3.418579,-0.140161739,0.5034314
1.502,-1.314697,-0.043122062,-3.548279,-0.145479439,0.5117861
1.504,-1.202087,-0.039428454,-3.676758,-0.150747078,0.5201408
1.506,-1.202393,-0.03943849,-3.796082,-0.155639362,0.559777
1.508,-1.145325,-0.03756666,-3.93158,-0.16119478,0.5352958
1.51,-1.087036,-0.035654781,-4.051514,-0.166112074,0.5411247
1.512,-1.023254,-0.033562731,-4.168396,-0.170904236,0.5593884
1.514,-0.954895,-0.031320556,-4.294739,-0.176084299,0.575612075
1.516,-0.9017944,-0.029578856,-4.40979,-0.18080139,0.59183575
1.518,-0.8078003,-0.02649585,-4.48761,-0.18399201,0.5356844
1.52,-0.7214355,-0.023663084,-4.582825,-0.187895825,0.5108146
1.522,-0.6307983,-0.020690184,-4.674683,-0.191662003,0.4917737
1.524,-0.5447388,-0.017867433,-4.758301,-0.195090341,0.4983797
1.526,-0.435791,-0.014293945,-4.842529,-0.198543689,0.478173
1.528,-0.3329468,-0.010920655,-4.928589,-0.202072149,0.4416455
1.53,-0.2325439,-0.00762744,-4.999084,-0.204962444,0.4762301
1.532,-0.1330566,-0.004364256,-5.087891,-0.208603531,0.4902193
1.534,-0.02166748,-0.000710693,-5.156555,-0.211418755,0.4494173
1.536,0.06896973,0.002262207,-5.241699,-0.214909659,0.4575777
1.538,0.1538086,0.005044922,-5.317383,-0.218012703,0.4785616
1.54,0.2389526,0.007837645,-5.43335,-0.22276735,0.4583549
1.542,0.3295898,0.010810545,-5.465393,-0.224081113,0.4536918
1.544,0.3930664,0.012892578,-5.535278,-0.226946398,0.4568005
1.546,0.4602051,0.015094727,-5.596313,-0.229448833,0.4408683
1.548,0.5392456,0.017687256,-5.632629,-0.230937789,0.4540804
1.55,0.5804443,0.019038573,-5.697632,-0.233602912,0.4882764
1.552,0.6402588,0.021000489,-5.740051,-0.235342091,0.43970255
1.554,0.7104492,0.023302734,-5.759583,-0.236142903,0.3911287
1.556,0.7394409,0.024253662,-5.779724,-0.236968684,0.3973462
1.558,0.7846069,0.025735106,-5.789795,-0.237381595,0.38802
1.56,0.8279419,0.027156494,-5.786133,-0.237231453,0.3833569
1.562,0.8657837,0.028397705,-5.802307,-0.237894587,0.3934603
1.564,0.9115601,0.029899171,-5.811157,-0.238257437,0.3981234
1.566,0.9088135,0.029809083,-5.811768,-0.238282488,0.3849113
1.568,0.9716797,0.031871094,-5.839844,-0.239433604,0.3716992
1.57,0.9622192,0.03156079,-5.849304,-0.239821464,0.3887972
1.572,0.9896851,0.032461671,-5.869141,-0.240634781,0.3740308
1.574,1.009827,0.033122326,-5.88562,-0.24131042,0.3713106
1.576,1.026001,0.033652833,-5.899963,-0.241898483,0.3786938
1.578,1.05957,0.034753896,-5.911255,-0.242361455,0.4066724
1.58,1.07666,0.035314448,-5.992737,-0.245702217,0.3658704
1.582,1.114502,0.036555666,-5.924072,-0.242886952,0.3145764
1.584,1.146545,0.037606676,-5.930176,-0.243137216,0.33264585
1.586,1.192627,0.039118166,-5.921631,-0.242786871,0.3507153
1.588,1.246338,0.040879886,-5.928955,-0.243087155,0.3538241
1.59,1.296692,0.042531498,-5.920105,-0.242724305,0.3103019
1.592,1.355286,0.044453381,-5.907593,-0.242211313,0.3126335
1.594,1.425781,0.046765617,-5.895081,-0.241698321,0.3013643
1.596,1.463928,0.048016838,-5.879211,-0.241047651,0.3071932
1.598,1.519165,0.049828612,-5.866394,-0.240522154,0.2920382
1.6,1.581726,0.051880613,-5.851135,-0.239896535,0.3068046
1.602,1.633606,0.053582277,-5.841675,-0.239508675,0.3033073
1.604,1.70929,0.056064712,-5.834045,-0.239195845,0.2994214
1.606,1.767578,0.057976558,-5.812378,-0.238307498,0.2726086
1.608,1.836243,0.06022877,-5.827637,-0.238933117,0.2407442
1.61,1.931763,0.063361826,-5.821533,-0.238682853,0.2457959
1.612,1.974792,0.064773178,-5.831299,-0.239083259,0.2349154
1.614,2.034912,0.066745114,-5.812378,-0.238307498,0.2166516
1.616,2.098999,0.068847167,-5.795288,-0.237606808,0.2123771
1.618,2.158203,0.070789058,-5.777893,-0.236893613,0.2061597
1.62,2.206726,0.072380613,-5.743103,-0.235467223,0.1820671
1.622,2.248535,0.073751948,-5.700073,-0.233702993,0.1863416
1.624,2.283936,0.074913101,-5.65033,-0.23166353,0.1661348
1.626,2.2995,0.0754236,-5.590515,-0.229211115,0.1634147
1.628,2.334595,0.076574716,-5.531006,-0.226771246,0.1455396
1.63,2.356567,0.077295398,-5.462646,-0.223968486,0.1521456
1.632,2.36084,0.077435552,-5.39856,-0.22134096,0.1315503
1.634,2.368164,0.077675779,-5.334167,-0.218700847,0.1327161
1.636,2.369995,0.077735836,-5.271606,-0.216135846,0.1358248
1.638,2.372131,0.077805897,-5.173645,-0.212119445,0.1179496
1.64,2.368164,0.077675779,-5.129395,-0.210305195,0.0942456
1.642,2.363281,0.077515617,-5.062256,-0.207552496,0.1132865
1.644,2.346802,0.076975106,-4.985046,-0.204386886,0.0923027
1.646,2.359009,0.077375495,-4.906311,-0.201158751,0.0876396
1.648,2.313232,0.07587401,-4.821472,-0.197680352,0.1373792
1.65,2.290344,0.075123283,-4.730835,-0.193964235,0.1311617
1.652,2.271729,0.074512711,-4.637756,-0.190147996,0.0818107
1.654,2.251892,0.073862058,-4.538574,-0.186081534,0.07287313
1.656,2.225342,0.072991218,-4.432068,-0.181714788,0.0833651
1.658,2.201843,0.07222045,-4.315491,-0.176935131,0.05616374
1.66,2.181702,0.071559826,-4.195862,-0.172030342,0.04994629
1.662,2.284241,0.074923105,-4.083862,-0.167438342,0.05460937
1.664,2.14447,0.070338616,-3.96698,-0.16264618,0.0332369
1.666,2.113953,0.069337658,-3.842773,-0.157553693,0.03634562
1.668,2.114563,0.069357666,-3.718262,-0.152448742,0.03362549
1.67,2.114563,0.069357666,-3.609314,-0.147981874,0.01458455
1.672,2.120667,0.069557878,-3.493958,-0.143252278,-0.00095907
1.674,2.112427,0.069287606,-3.388977,-0.138948057,-0.00329061
1.676,2.11792,0.069467776,-3.295288,-0.135106808,0.03168254
1.678,2.112732,0.06929761,-3.205261,-0.131415701,0.01031006
1.68,2.114258,0.069347662,-3.122253,-0.128012373,-0.03088053
1.682,2.108154,0.069147451,-3.03833,-0.12457153,-0.00290202
1.684,2.104187,0.069017334,-2.938538,-0.120480058,-0.05108724
1.686,2.095337,0.068727054,-2.87262,-0.11777742,-0.06818522
1.688,2.090759,0.068576895,-2.772827,-0.113685907,-0.05652751
1.69,2.094116,0.068687005,-2.669983,-0.109469303,-0.09383219
1.692,2.073059,0.067996335,-2.552185,-0.104639585,-0.10898722
1.694,2.080688,0.068246566,-2.436829,-0.099909989,-0.09810669
1.696,2.092896,0.068646989,-2.314453,-0.094892573,-0.10548991
1.698,2.095032,0.06871705,-2.190857,-0.089825137,-0.1233651
1.7,2.091675,0.06860694,-2.068176,-0.084795216,-0.1326912
1.702,2.102661,0.068967281,-1.949768,-0.079940488,-0.1334684
1.704,2.073364,0.068006339,-1.833191,-0.075160831,-0.1466805
1.706,2.05658,0.067455824,-1.715088,-0.070318608,-0.11753621
1.708,2.030334,0.066594955,-1.609802,-0.066001882,-0.10743286
1.71,1.992188,0.065343766,-1.490479,-0.061109639,-0.1641671
1.712,1.959229,0.064262711,-1.391602,-0.057055682,-0.1653328
1.714,1.916199,0.062851327,-1.280823,-0.052513743,-0.1459033
1.716,1.869507,0.06131983,-1.174927,-0.048172007,-0.1560067
1.718,1.764832,0.05788649,-1.05835,-0.04339235,-0.1556181
1.72,1.764526,0.057876453,-0.9396362,-0.038525084,-0.176602
1.722,1.715698,0.056274894,-0.8117676,-0.033282472,-0.1649443
1.724,1.646423,0.054002674,-0.6893921,-0.028265076,-0.1431832
1.726,1.581116,0.051860605,-0.5386353,-0.022084047,-0.1843738
1.728,1.516113,0.049728506,-0.3967285,-0.016265869,-0.1548409
1.73,1.440735,0.047256108,-0.2514648,-0.010310057,-0.1692187
1.732,1.37207,0.045003896,-0.09674072,-0.00396637,-0.1921456
1.734,1.279907,0.04198095,0.04669189,0.001914367,-0.1606698
1.736,1.194458,0.039178222,0.1916504,0.007857666,-0.1630013
1.738,1.134338,0.037206286,0.3271484,0.013413084,-0.1602812
1.74,1.029358,0.033762942,0.4589844,0.01881836,-0.1412402
1.742,0.9481812,0.031100343,0.5731201,0.023497924,-0.1692187
1.744,0.8874512,0.029108399,0.6866455,0.028152466,-0.159504
1.746,0.8319092,0.027286622,0.7913208,0.032444153,-0.1552295
1.748,0.770874,0.025284667,0.8959961,0.03673584,-0.1882597
1.75,0.7330322,0.024043456,0.9985352,0.040939943,-0.1867053
1.752,0.668335,0.021921388,1.1026,0.0452066,-0.1738818
1.754,0.625,0.0205,1.213989,0.049773549,-0.1606698
1.756,0.5874634,0.0192688,1.338196,0.054866036,-0.1929228
1.758,0.5401611,0.017717284,1.453552,0.059595632,-0.2418852
1.76,0.5157471,0.016916505,1.579895,0.064775695,-0.1971973
1.762,0.4626465,0.015174805,1.715088,0.070318608,-0.1762134
1.764,0.4299927,0.014103761,1.829224,0.074998184,-0.217404
1.766,0.3884888,0.012742433,1.951904,0.080028064,-0.230616
1.768,0.3729248,0.012231933,2.063904,0.084620064,-0.2333362
1.77,0.3479004,0.011411133,2.174683,0.089162003,-0.2465483
1.772,0.3198242,0.010490234,2.274475,0.093253475,-0.2628691
1.774,0.3118896,0.010229979,2.365112,0.096969592,-0.2399422
1.776,0.267334,0.008768555,2.455444,0.100673204,-0.256263
1.778,0.2322388,0.007617433,2.538452,0.104076532,-0.2531543
1.78,0.2133179,0.006996827,2.616577,0.107279657,-0.2504342
1.782,0.1794434,0.005885744,2.696838,0.110570358,-0.2729724
1.784,0.1379395,0.004524416,2.764282,0.113335562,-0.2702523
1.786,0.1019287,0.003343261,2.844543,0.116626263,-0.2570402
1.788,0.04730225,0.001551514,2.920837,0.119754317,-0.2741382
1.79,-0.009460449,-0.000310303,3.000183,0.123007503,-0.2912362
1.792,-0.07110596,-0.002332275,3.0896,0.1266736,-0.2570402
1.794,-0.1321411,-0.004334228,3.169861,0.129964301,-0.2574288
1.796,-0.2139282,-0.007016845,3.263855,0.133818055,-0.3036711
1.798,-0.2844238,-0.009329101,3.360901,0.137796941,-0.2846301
1.8,-0.3771973,-0.012372071,3.45459,0.14163819,-0.2438281
1.802,-0.4556274,-0.014944579,3.545532,0.145366812,-0.2842415
1.804,-0.5404663,-0.017727295,3.637695,0.149145495,-0.2628691
1.806,-0.6164551,-0.020219727,3.71521,0.15232361,-0.2438281
1.808,-0.7073975,-0.023202638,3.79425,0.15556425,-0.2644234
1.81,-0.7821655,-0.025655028,3.858948,0.158216868,-0.2543201
1.812,-0.8755493,-0.028718017,3.919067,0.160681747,-0.2364449
1.814,-0.9457397,-0.031020262,3.973083,0.162896403,-0.2209013
1.816,-1.051941,-0.034503665,4.024963,0.165023483,-0.2084664
1.818,-1.132202,-0.037136226,4.084473,0.167463393,-0.1902026
1.82,-1.211853,-0.039748778,4.138489,0.169678049,-0.1703845
1.822,-1.292114,-0.042381339,4.198914,0.172155474,-0.208855
1.824,-1.372375,-0.0450139,4.266357,0.174920637,-0.2038033
1.826,-1.445618,-0.04741627,4.335022,0.177735902,-0.1859281
1.828,-1.508484,-0.049478275,4.40094,0.18043854,-0.2111865
1.83,-1.584778,-0.051980718,4.477539,0.183579099,-0.2197355
1.832,-1.613464,-0.052921619,4.550171,0.186557011,-0.1762134
1.834,-1.647949,-0.054052727,4.59198,0.18827118,-0.2142952
1.836,-1.684265,-0.055243892,4.677124,0.191762084,-0.2170154
1.838,-1.699219,-0.055734383,4.735413,0.194151933,-0.2181812
1.84,-1.725464,-0.056595219,4.787903,0.196304023,-0.2084664
1.842,-1.75293,-0.057496104,4.831848,0.198105768,-0.2189583
1.844,-1.764526,-0.057876453,4.871521,0.199732361,-0.2220671
1.846,-1.778259,-0.058326895,4.907532,0.201208812,-0.2275073
1.848,-1.795959,-0.058907455,4.932251,0.202222291,-0.2255644
1.85,-1.805115,-0.059207772,4.958496,0.203298336,-0.2034147
1.852,-1.817627,-0.059618166,4.978943,0.204136663,-0.1614469
1.854,-1.827393,-0.05993849,4.999695,0.204987495,-0.20594055
1.856,-1.831055,-0.060058604,5.013733,0.205563053,-0.2504342
1.858,-1.837463,-0.060268786,5.031433,0.206288753,-0.2434395
1.86,-1.843567,-0.060468998,5.054626,0.207239666,-0.2764697
1.862,-1.849976,-0.060679213,5.088196,0.208616036,-0.2484912
1.864,-1.856384,-0.060889395,5.106506,0.209366746,-0.2465483
1.866,-1.872864,-0.061429939,5.137329,0.210630489,-0.2379993
1.868,-1.893311,-0.062100601,5.162964,0.211681524,-0.2449939
1.87,-1.91925,-0.0629514,5.181885,0.212457285,-0.2512113
1.872,-1.952515,-0.064042492,5.20874,0.21355834,-0.249657
1.874,-1.990051,-0.065273673,5.220947,0.214058827,-0.2426624
1.876,-2.044373,-0.067055434,5.218811,0.213971251,-0.225953
1.878,-2.078247,-0.068166502,5.211182,0.213658462,-0.2026375
1.88,-2.116394,-0.069417723,5.200195,0.213207995,-0.1855396
1.882,-2.168579,-0.071129391,5.185852,0.212619932,-0.2049691
1.884,-2.2229,-0.07291112,5.158997,0.211518877,-0.1668872
1.886,-2.266235,-0.074332508,5.134888,0.210530408,-0.1987516
1.888,-2.295532,-0.07529345,5.112915,0.209629515,-0.1649443
1.89,-2.358704,-0.077365491,5.090332,0.208703612,-0.16611
1.892,-2.39502,-0.078556656,5.072632,0.207977912,-0.150955
1.894,-2.441101,-0.080068113,5.058594,0.207402354,-0.1657214
1.896,-2.492676,-0.081759773,5.043945,0.206801745,-0.1427946
1.898,-2.515259,-0.082500495,5.039673,0.206626593,-0.11015299
1.9,-2.56073,-0.083991944,5.016785,0.205688185,-0.122587895
1.902,-2.569275,-0.08427222,5.006714,0.205275274,-0.1350228
1.904,-2.58606,-0.084822768,4.986877,0.204461957,-0.08606038
1.906,-2.604675,-0.08543334,4.958801,0.203310841,-0.10471273
1.908,-2.631531,-0.086314217,4.93988,0.20253508,-0.1307483
1.91,-2.619934,-0.085933835,4.910583,0.201333903,-0.1299711
1.912,-2.613831,-0.085733657,4.870605,0.199694805,-0.1323027
1.914,-2.598267,-0.085223158,4.825134,0.197830494,-0.1358
1.916,-2.578735,-0.084582508,4.784851,0.196178891,-0.1295825
1.918,-2.548523,-0.083591554,4.732971,0.194051811,-0.08450602
1.92,-2.521362,-0.082700674,4.675903,0.191712023,-0.10665568
1.922,-2.463379,-0.080798831,4.610291,0.189021931,-0.1210335
1.924,-2.42157,-0.079427496,4.55658,0.18681978,-0.1225879
1.926,-2.366333,-0.077615722,4.503784,0.184655144,-0.1536751
1.928,-2.317505,-0.076014164,4.44458,0.18222778,-0.1260852
1.93,-2.262878,-0.074222398,4.395447,0.180213327,-0.1225879
1.932,-2.223511,-0.072931161,4.347839,0.178261399,-0.09577515
1.934,-2.187195,-0.071739996,4.308167,0.176634847,-0.120644925
1.936,-2.122498,-0.069617934,4.27002,0.17507082,-0.1455147
1.938,-2.079163,-0.068196546,4.21936,0.17299376,-0.1544523
1.94,-2.032776,-0.066675053,4.168396,0.170904236,-0.1400745
1.942,-1.990967,-0.065303718,4.11499,0.16871459,-0.1614469
1.944,-1.950684,-0.063982435,4.047241,0.165936881,-0.1587268
1.946,-1.890259,-0.062000495,3.974915,0.162971515,-0.1439604
1.948,-1.929626,-0.063291733,3.911743,0.160381463,-0.1295825
1.95,-1.832581,-0.060108657,3.831177,0.157078257,-0.09422078
1.952,-1.800232,-0.05904761,3.756104,0.154000264,-0.08411743
1.954,-1.762085,-0.057796388,3.660583,0.150083903,-0.07517985
1.956,-1.750183,-0.057406002,3.573303,0.146505423,-0.05575033
1.958,-1.730347,-0.056755382,3.495178,0.143302298,-0.05652751
1.96,-1.722412,-0.056495114,3.413086,0.139936526,-0.06546509
1.962,-1.730957,-0.05677539,3.334045,0.136695845,-0.05885905
1.964,-1.713257,-0.05619483,3.25592,0.13349272,-0.03826375
1.966,-1.704102,-0.055894546,3.17688,0.13025208,-0.07129395
1.968,-1.695557,-0.05561427,3.097534,0.126998894,-0.07401408
1.97,-1.664124,-0.054583267,3.025513,0.124046033,-0.065270795
1.972,-1.667786,-0.054703381,2.937927,0.120455007,-0.05652751
1.974,-1.643982,-0.05392261,2.859802,0.117251882,-0.05341878
1.976,-1.628113,-0.053402106,2.781372,0.114036252,-0.013782552
1.978,-1.60553,-0.052661384,2.682495,0.109982295,-0.021942952
1.98,-1.568298,-0.051440174,2.593994,0.106353754,-0.022331543
1.982,-1.543274,-0.050619387,2.498779,0.102449939,0.01924764
1.984,-1.498413,-0.049147946,2.388611,0.097933051,0.0250765
1.986,-1.416931,-0.046475337,2.281799,0.093553759,-0.027383219
1.988,-1.406555,-0.046135004,2.174377,0.089149457,-0.020388591
1.99,-1.362,-0.0446736,2.056885,0.084332285,0.00525838
1.992,-1.279297,-0.041960942,1.956177,0.080203257,0.01458455
1.994,-1.207886,-0.039618661,1.849976,0.075849016,0.04644897
1.996,-1.125488,-0.036916006,1.746826,0.071619866,0.020802
1.998,-1.042175,-0.03418334,1.647034,0.067528394,-0.00057048
2,-0.9500122,-0.0311604,1.552734,0.063662094,-0.021554362
2.002,-0.8822632,-0.028938233,1.45813,0.05978333,0.00525838
2.004,-0.8044434,-0.026385744,1.350098,0.055354018,-0.011062419
2.006,-0.774231,-0.025394777,1.242065,0.050924665,0.00720133
2.008,-0.6613159,-0.021691162,1.127625,0.046232625,-0.03282349
2.01,-0.5886841,-0.019308838,1.006775,0.041277775,-0.02
2.012,-0.5172729,-0.016966551,0.8828735,0.036197814,-0.014948324
2.014,-0.4431152,-0.014534179,0.7617188,0.031230471,0.03168254
2.016,-0.362854,-0.011901611,0.637207,0.026125487,0.0250765
2.018,-0.2813721,-0.009229005,0.5172729,0.021208189,-0.025440267
2.02,-0.2182007,-0.007156983,0.3897095,0.01597809,-0.00678792
2.022,-0.1412964,-0.004634522,0.274353,0.011248473,0.01108724
2.024,-0.07232666,-0.002372314,0.1757813,0.007207033,0.00214966
2.026,-0.0112915,-0.000370361,0.04425049,0.00181427,-0.04253825
2.028,0.04730225,0.001551514,-0.06378174,-0.002615051,0.00758993
2.03,0.1000977,0.003283205,-0.1690674,-0.006931763,0.03129395
2.032,0.1486206,0.004874756,-0.27771,-0.01138611,0.03401408
2.034,0.1977539,0.006486328,-0.3900146,-0.015990599,0.00914429
2.036,0.2526855,0.008288084,-0.5029297,-0.020620118,0.02313354
2.038,0.3125,0.01025,-0.6027222,-0.02471161,0.00953288
2.04,0.3689575,0.012101806,-0.6991577,-0.028665466,0.03984294
2.042,0.4244995,0.013923584,-0.8023071,-0.032894591,0.02818522
2.044,0.4751587,0.015585205,-0.8868408,-0.036360473,-0.00290202
2.046,0.519104,0.017026611,-0.9866333,-0.040451965,0.02391073
2.048,0.5679321,0.018628173,-1.082153,-0.044368273,0.04372884
2.05,0.6103516,0.020019532,-1.175537,-0.048197017,0.05577515
2.052,0.6445313,0.021140627,-1.280823,-0.052513743,0.0087557
2.054,0.6896973,0.022622071,-1.392212,-0.057080692,0.033819785
2.056,0.7015991,0.02301245,-1.494446,-0.061272286,0.05888387
2.058,0.7498169,0.024593994,-1.616516,-0.066277156,0.06782145
2.06,0.7806396,0.025604979,-1.730347,-0.070944227,0.07559326
2.062,0.8044434,0.026385744,-1.850586,-0.075874026,0.06782145
2.064,0.8355713,0.027406739,-1.968079,-0.080691239,0.07559326
2.066,0.8764648,0.028748045,-2.097168,-0.085983888,0.0825879
2.068,0.9078979,0.029779051,-2.210999,-0.090650959,0.0985201
2.07,0.9558105,0.031350584,-2.329407,-0.095505687,0.085308
2.072,1.011963,0.033192386,-2.441101,-0.100085141,0.0965771
2.074,1.049194,0.034413563,-2.558289,-0.104889849,0.1078463
2.076,1.099854,0.036075211,-2.673645,-0.109619445,0.093857
2.078,1.144104,0.037526611,-2.790222,-0.114399102,0.06782145
2.08,1.210022,0.039688722,-2.909546,-0.119291386,0.110955
2.082,1.266174,0.041530507,-3.02063,-0.12384583,0.1066805
2.084,1.326294,0.043502443,-3.141479,-0.128800639,0.0969657
2.086,1.371765,0.044993892,-3.253784,-0.133405144,0.1505912
2.088,1.421204,0.046615491,-3.370667,-0.138197347,0.1354362
2.09,1.473999,0.048347167,-3.480835,-0.142714235,0.0880282
2.092,1.533813,0.050309066,-3.591309,-0.147243669,0.1160067
2.094,1.5979,0.05241112,-3.693237,-0.151422717,0.1179496
2.096,1.662598,0.054533214,-3.80127,-0.15585207,0.0958
2.098,1.720886,0.056445061,-3.887024,-0.159367984,0.1082349
2.1,1.783142,0.058487058,-3.982849,-0.163296809,0.1163953
2.102,1.846008,0.060549062,-4.067688,-0.166775208,0.1012402
2.104,1.881409,0.061710215,-4.149475,-0.170128475,0.1183382
2.106,1.955872,0.064152602,-4.222412,-0.173118892,0.1031832
2.108,1.994324,0.065413827,-4.298096,-0.176221936,0.0880282
2.11,2.03125,0.066625,-4.357605,-0.178661805,0.1132865
2.112,2.056885,0.067465828,-4.417725,-0.181126725,0.1226127
2.114,2.075806,0.068086437,-4.471741,-0.183341381,0.1323275
2.116,2.079163,0.068196546,-4.515991,-0.185155631,0.1094006
2.118,2.094116,0.068687005,-4.569702,-0.187357782,0.1233899
2.12,2.094727,0.068707046,-4.668274,-0.191399234,0.1389335
2.122,2.101135,0.068917228,-4.671631,-0.191536871,0.1206698
2.124,2.096252,0.068757066,-4.720764,-0.193551324,0.1253328
2.126,2.113953,0.069337658,-4.772949,-0.195690909,0.1400993
2.128,2.114868,0.06936767,-4.825745,-0.197855545,0.1463167
2.13,2.113953,0.069337658,-4.868774,-0.199619734,0.128053
2.132,2.098694,0.068837163,-4.911194,-0.201358954,0.1513684
2.134,2.095642,0.068737058,-4.944153,-0.202710273,0.1828442
2.136,2.062683,0.067656002,-4.980469,-0.204199229,0.145151
2.138,2.052917,0.067335678,-5.007935,-0.205325335,0.151757
2.14,2.043762,0.067035394,-5.039368,-0.206614088,0.1618604
2.142,2.02179,0.066314712,-5.072327,-0.207965407,0.151757
2.144,2.008667,0.065884278,-5.098572,-0.209041452,0.1587516
2.146,1.984558,0.065093502,-5.121765,-0.209992365,0.168855
2.148,1.982422,0.065023442,-5.148926,-0.211105966,0.1544771
2.15,1.972351,0.064693113,-5.179138,-0.212344658,0.1606946
2.152,1.958313,0.064232666,-5.226135,-0.214271535,0.1770154
2.154,1.957703,0.064212658,-5.239563,-0.214822083,0.1704093
2.156,1.945801,0.063822273,-5.270691,-0.216098331,0.1638033
2.158,1.969299,0.064593007,-5.297852,-0.217211932,0.1711865
2.16,1.976929,0.064843271,-5.338135,-0.218863535,0.1910046
2.162,1.99646,0.065483888,-5.368347,-0.220102227,0.1707979
2.164,2.00531,0.065774168,-5.39856,-0.22134096,0.1700208
2.166,2.013245,0.066034436,-5.418701,-0.222166741,0.1983879
2.168,2.020874,0.066284667,-5.471802,-0.224343882,0.175461
2.17,2.04895,0.06720556,-5.476379,-0.224531539,0.1797355
2.172,2.03949,0.066895272,-5.500793,-0.225532513,0.194502
2.174,2.042847,0.067005382,-5.519714,-0.226308274,0.1976107
2.176,2.044983,0.067075442,-5.523376,-0.226458416,0.1898389
2.178,2.056885,0.067465828,-5.531311,-0.226783751,0.1999422
2.18,2.054443,0.06738573,-5.52887,-0.22668367,0.1816785
2.182,2.049255,0.067215564,-5.519409,-0.226295769,0.2007194
2.184,2.053528,0.067355718,-5.513306,-0.226045546,0.2034395
2.186,2.049866,0.067235605,-5.502319,-0.225595079,0.2112113
2.188,2.039185,0.066885268,-5.491638,-0.225157158,0.1937248
2.19,2.029419,0.066564943,-5.479126,-0.224644166,0.2081026
2.192,2.008057,0.06586427,-5.464783,-0.224056103,0.2349154
2.194,1.984558,0.065093502,-5.458984,-0.223818344,0.2018852
2.196,1.943665,0.063752212,-5.431213,-0.222679733,0.2135429
2.198,1.899719,0.062310783,-5.402832,-0.221516112,0.2298637
2.2,1.853638,0.060799326,-5.355225,-0.219564225,0.2119885
2.202,1.776733,0.058276842,-5.32959,-0.21851319,0.224812
2.204,1.736755,0.056965564,-5.282288,-0.216573808,0.209657
2.206,1.678162,0.055043714,-5.230103,-0.214434223,0.2652254
2.208,1.621399,0.053181887,-5.17334,-0.21210694,0.2279207
2.21,1.575012,0.051660394,-5.111084,-0.209554444,0.2310295
2.212,1.505127,0.049368166,-5.040283,-0.206651603,0.2442415
2.214,1.447754,0.047486331,-4.982605,-0.204286805,0.2380241
2.216,1.387634,0.045514395,-4.902039,-0.200983599,0.2407442
2.218,1.340637,0.043972894,-4.823303,-0.197755423,0.2378298
2.22,1.273499,0.041770767,-4.754944,-0.194952704,0.2349154
2.222,1.203308,0.039468502,-4.67865,-0.19182465,0.2411328
2.224,1.151123,0.037756834,-4.603882,-0.188759162,0.2578422
2.226,1.083984,0.035554675,-4.528503,-0.185668623,0.2586194
2.228,1.025696,0.033642829,-4.449463,-0.182427983,0.2531791
2.23,0.9564209,0.031370606,-4.377747,-0.179487627,0.2434644
2.232,0.9115601,0.029899171,-4.309387,-0.176684867,0.2698885
2.234,0.8175659,0.026816162,-4.229736,-0.173419176,0.248516
2.236,0.8267212,0.027116455,-4.154053,-0.170316173,0.2551221
2.238,0.7870483,0.025815184,-4.077148,-0.167163068,0.2784375
2.24,0.7623291,0.025004394,-3.951721,-0.162020561,0.2391899
2.242,0.7339478,0.024073488,-3.923645,-0.160869445,0.2562878
2.244,0.7086182,0.023242677,-3.840942,-0.157478622,0.2601737
2.246,0.6814575,0.022351806,-3.755798,-0.153987718,0.2279207
2.248,0.7025146,0.023042479,-3.665771,-0.150296611,0.2294751
2.25,0.6228638,0.020429933,-3.580933,-0.146818253,0.2574536
2.252,0.5917358,0.019408934,-3.492432,-0.143189712,0.2407442
2.254,0.5587769,0.018327882,-3.409729,-0.139798889,0.2376355
2.256,0.5200195,0.01705664,-3.328247,-0.136458127,0.2341382
2.258,0.4666138,0.015304933,-3.247681,-0.133154921,0.2566764
2.26,0.4498291,0.014754394,-3.175354,-0.130189514,0.2601737
2.262,0.4104614,0.013463134,-3.100281,-0.127111521,0.2461845
2.264,0.3765869,0.01235205,-3.020325,-0.123833325,0.2368583
2.266,0.3356934,0.011010744,-2.947693,-0.120855413,0.2034395
2.268,0.3234863,0.010610351,-2.866211,-0.117514651,0.2232576
2.27,0.2508545,0.008228028,-2.780762,-0.114011242,0.2512362
2.272,0.1828003,0.00599585,-2.687988,-0.110207508,0.2228691
2.274,0.1165771,0.003823729,-2.59491,-0.10639131,0.2341382
2.276,0.0692749,0.002272217,-2.496338,-0.102349858,0.2512362
2.278,-0.01251221,-0.0004104,-2.397766,-0.098308406,0.2597852
2.28,-0.07263184,-0.002382324,-2.306519,-0.094567279,0.2240348
2.282,-0.1385498,-0.004544433,-2.187195,-0.089674995,0.2321952
2.284,-0.2249146,-0.007377199,-2.079163,-0.085245683,0.248516
2.286,-0.3079224,-0.010099855,-1.937256,-0.079427496,0.2388013
2.288,-0.3933716,-0.012902588,-1.862183,-0.076349503,0.2407442
2.29,-0.4608154,-0.015114745,-1.746521,-0.071607361,0.2551221
2.292,-0.5593872,-0.0183479,-1.630859,-0.066865219,0.2356925
2.294,-0.5786133,-0.018978516,-1.52771,-0.06263611,0.2469617
2.296,-0.7165527,-0.023502929,-1.402893,-0.057518613,0.2034395
2.298,-0.7876587,-0.025835205,-1.288452,-0.052826532,0.2380241
2.3,-0.8584595,-0.028157472,-1.175537,-0.048197017,0.2244234
2.302,-0.9228516,-0.030269532,-1.053772,-0.043204652,0.2345268
2.304,-0.9942627,-0.032611817,-0.9313965,-0.038187257,0.2477389
2.306,-1.044922,-0.034273442,-0.8163452,-0.033470153,0.2341382
2.308,-1.118469,-0.036685783,-0.6863403,-0.028139952,0.2201489
2.31,-1.176147,-0.038577622,-0.5630493,-0.023085021,0.2489046
2.312,-1.231079,-0.040379391,-0.4278564,-0.017542112,0.1933362
2.314,-1.280823,-0.042010994,-0.3009033,-0.012337035,0.2154858
2.316,-1.341858,-0.044012942,-0.1705933,-0.006994325,0.2318066
2.318,-1.384277,-0.045404286,-0.0378418,-0.001551514,0.1805127
2.32,-1.443787,-0.047356214,0.08544922,0.003503418,0.1968335
2.322,-1.449585,-0.047546388,0.213623,0.008758543,0.1719637
2.324,-1.473083,-0.048317122,0.3317261,0.01360077,0.192559
2.326,-1.500549,-0.049218007,0.4443359,0.018217772,0.1529228
2.328,-1.507263,-0.049438226,0.5612183,0.02300995,0.1167839
2.33,-1.524658,-0.050008782,0.6570435,0.026938784,0.1338818
2.332,-1.534424,-0.050329107,0.7946777,0.032581786,0.1113436
2.334,-1.564026,-0.051300053,0.8590698,0.035221862,0.1101778
2.336,-1.575928,-0.051690438,0.9640503,0.039526062,0.0880282
2.338,-1.601257,-0.05252123,1.065674,0.043692634,0.1160067
2.34,-1.621704,-0.053191891,1.167603,0.047871723,0.117561
2.342,-1.647339,-0.054032719,1.264954,0.051863114,0.104349
2.344,-1.677856,-0.055033677,1.373596,0.056317436,0.06626709
2.346,-1.69342,-0.055544176,1.462097,0.059945977,0.0903597
2.348,-1.731567,-0.056795398,1.551819,0.063624579,0.1047375
2.35,-1.759949,-0.057726327,1.645508,0.067465828,0.06082682
2.352,-1.774292,-0.058196778,1.735535,0.071156935,0.03984294
2.354,-1.82373,-0.059818344,1.821594,0.074685354,0.04062012
2.356,-1.852417,-0.060759278,1.899414,0.077875974,0.07442749
2.358,-1.887512,-0.061910394,1.986694,0.081454454,0.06043823
2.36,-1.94458,-0.063782224,2.073059,0.084995419,0.06471273
2.362,-1.974792,-0.064773178,2.151489,0.088211049,0.06082682
2.364,-2.021179,-0.066294671,2.235718,0.091664438,0.0833651
2.366,-2.061157,-0.06760595,2.307434,0.094604794,0.0837537
2.368,-2.120972,-0.069567882,2.37793,0.09749513,0.0930798
2.37,-2.178955,-0.071469724,2.454529,0.100635689,0.0942456
2.372,-2.2229,-0.07291112,2.527161,0.103613601,0.05538656
2.374,-2.270813,-0.074482666,2.598267,0.106528947,0.07909058
2.376,-2.311707,-0.07582399,2.670593,0.109494313,0.0810335
2.378,-2.347412,-0.076995114,2.792053,0.114474173,0.04023153
2.38,-2.382507,-0.07814623,2.82074,0.11565034,0.05150065
2.382,-2.411499,-0.079097167,2.901611,0.118966051,0.05538656
2.384,-2.431335,-0.079747788,2.979126,0.122144166,0.020802
2.386,-2.450867,-0.080388438,3.067627,0.125772707,0.02818522
2.388,-2.460632,-0.08070873,3.140259,0.128750619,0.0332369
2.39,-2.475891,-0.081209225,3.213501,0.131753541,0.02196777
2.392,-2.476196,-0.081219229,3.291016,0.134931656,-0.03360067
2.394,-2.476807,-0.08123927,3.357544,0.137659304,-0.012616781
2.396,-2.476807,-0.08123927,3.423767,0.140374447,0.02468791
2.398,-2.471924,-0.081079107,3.485413,0.142901933,0.00253825
2.4,-2.458496,-0.080638669,3.54187,0.14521667,0.02313354
2.402,-2.453613,-0.080478506,3.605347,0.147819227,0.0087557
2.404,-2.446594,-0.080248283,3.665466,0.150284106,0.0044812
2.406,-2.446289,-0.080238279,3.705444,0.151923204,-0.03515503
2.408,-2.430725,-0.07972778,3.746338,0.153599858,-0.03806946
2.41,-2.431641,-0.079757825,3.78479,0.15517639,-0.04098389
2.412,-2.407532,-0.07896705,3.82782,0.15694062,-0.0813973
2.414,-2.37793,-0.077996104,3.878174,0.159005134,-0.09305501
2.416,-2.339172,-0.076724842,3.93158,0.16119478,-0.07051676
2.418,-2.296753,-0.075333498,3.992004,0.163672164,-0.1260852
2.42,-2.252197,-0.073872062,4.046326,0.165899366,-0.11870199
2.422,-2.207642,-0.072410658,4.111633,0.168576953,-0.08411743
2.424,-2.166138,-0.071049326,4.165344,0.170779104,-0.08178589
2.426,-2.130127,-0.069868166,4.229431,0.173406671,-0.106461395
2.428,-2.097168,-0.06878711,4.28894,0.17584654,-0.1311369
2.43,-2.074585,-0.068046388,4.334412,0.177710892,-0.1459033
2.432,-2.076416,-0.068106445,4.370728,0.179199848,-0.16611
2.434,-2.022705,-0.066344724,4.417114,0.181101674,-0.1494006
2.436,-1.994934,-0.065433835,4.446716,0.182315356,-0.1688302
2.438,-1.966248,-0.064492934,4.491882,0.184167162,-0.1723275
2.44,-1.928711,-0.063261721,4.476624,0.183541584,-0.17699055
2.442,-1.8927,-0.06208056,4.489441,0.184067081,-0.1816536
2.444,-1.860657,-0.06102955,4.508057,0.184830337,-0.2034147
2.446,-1.83197,-0.060088616,4.533386,0.185868826,-0.1843738
2.448,-1.81488,-0.059528064,4.56543,0.18718263,-0.1890369
2.45,-1.797485,-0.058957508,4.559326,0.186932366,-0.2228442
2.452,-1.783752,-0.058507066,4.631042,0.189872722,-0.2205127
2.454,-1.782227,-0.058457046,4.648438,0.190585958,-0.2018604
2.456,-1.781006,-0.058416997,4.677429,0.191774589,-0.2084664
2.458,-1.747131,-0.057305897,4.685364,0.192099924,-0.1637785
2.46,-1.777954,-0.058316891,4.692688,0.192400208,-0.1777677
2.462,-1.767578,-0.057976558,4.692078,0.192375198,-0.1808765
2.464,-1.75293,-0.057496104,4.673767,0.191624447,-0.189814
2.466,-1.737366,-0.056985605,4.659729,0.191048889,-0.2014718
2.468,-1.705933,-0.055954602,4.634399,0.190010359,-0.1999174
2.47,-1.631775,-0.05352222,4.60968,0.18899688,-0.2193469
2.472,-1.596375,-0.0523611,4.569702,0.187357782,-0.2348905
2.474,-1.541138,-0.050549326,4.537048,0.186018968,-0.2216785
2.476,-1.486206,-0.048747557,4.502869,0.184617629,-0.2170154
2.478,-1.432495,-0.046985836,4.473877,0.183428957,-0.2321704
2.48,-1.358032,-0.04454345,4.44458,0.18222778,-0.2457711
2.482,-1.28418,-0.042121104,4.425964,0.181464524,-0.2508228
2.484,-1.234131,-0.040479497,4.411011,0.180851451,-0.2446053
2.486,-1.169434,-0.038357435,4.409485,0.180788885,-0.2321704
2.488,-1.09375,-0.035875,4.389343,0.179963063,-0.2189583
2.49,-1.017456,-0.033372557,4.371033,0.179212353,-0.2613147
2.492,-0.9558105,-0.031350584,4.361877,0.178836957,-0.3172717
2.494,-0.8874512,-0.029108399,4.338989,0.177898549,-0.3028939
2.496,-0.7919312,-0.025975343,4.334412,0.177710892,-0.3176603
2.498,-0.6985474,-0.022912355,4.286194,0.175733954,-0.3192147
2.5,-0.6063843,-0.019889405,4.253235,0.174382635,-0.3013395
2.502,-0.5142212,-0.016866455,4.20929,0.17258089,-0.322712
2.504,-0.4278564,-0.01403369,4.161987,0.170641467,-0.3503019
2.506,-0.3439331,-0.011281006,4.11499,0.16871459,-0.3289294
2.508,-0.2719116,-0.0089187,4.076538,0.167138058,-0.2877389
2.51,-0.196228,-0.006436278,4.020386,0.164835826,-0.3444731
2.512,-0.1303101,-0.004274171,3.980103,0.163184223,-0.3440845
2.514,-0.08087158,-0.002652588,3.951416,0.162008056,-0.3320382
2.516,-0.03143311,-0.001031006,3.93219,0.16121979,-0.3545764
2.518,0.01159668,0.000380371,3.946838,0.161820358,-0.363514
2.52,0.003356934,0.000110107,3.877563,0.158980083,-0.3619596
2.522,0.1123047,0.003683594,3.865967,0.158504647,-0.3763375
2.524,0.1617432,0.005305177,3.852539,0.157954099,-0.361571
2.526,0.1968384,0.0064563,3.811035,0.156252435,-0.3471932
2.528,0.2410889,0.007907716,3.781738,0.155051258,-0.39771
2.53,0.2789307,0.009148927,3.727417,0.152824097,-0.3949898
2.532,0.3240967,0.010630372,3.680725,0.150909725,-0.3930469
2.534,0.3701782,0.012141845,3.621521,0.148482361,-0.38721805
2.536,0.3997803,0.013112794,3.562317,0.146054997,-0.3813892
2.538,0.4293823,0.014083739,3.486023,0.142926943,-0.3852751
2.54,0.4556274,0.014944579,3.408508,0.139748828,-0.363514
2.542,0.4824829,0.015825439,3.330994,0.136570754,-0.3265979
2.544,0.5044556,0.016546144,3.272705,0.134180905,-0.33981
2.546,0.5316162,0.017437011,3.188477,0.130727557,-0.3374784
2.548,0.5648804,0.018528077,3.111572,0.127574452,-0.3491361
2.55,0.6112671,0.020049561,2.998657,0.122944937,-0.372063
2.552,0.5801392,0.019028566,2.96814,0.12169374,-0.3642912
2.554,0.7122803,0.023362794,2.893372,0.118628252,-0.3576851
2.556,0.7666016,0.025144532,2.824097,0.115787977,-0.3813892
2.558,0.8392334,0.027526856,2.747498,0.112647418,-0.3728402
2.56,0.9057617,0.029708984,2.671814,0.109544374,-0.3479704
2.562,0.9664917,0.031700928,2.592163,0.106278683,-0.3736174
2.564,1.031189,0.033822999,2.503662,0.102650142,-0.3588509
2.566,1.096802,0.035975106,2.408142,0.098733822,-0.3468046
2.568,1.187439,0.038947999,2.298584,0.094241944,-0.3619596
2.57,1.221619,0.040069103,2.203369,0.090338129,-0.356908
2.572,1.286011,0.042181161,2.094421,0.085871261,-0.3382556
2.574,1.34552,0.044133056,1.976624,0.081041584,-0.3518563
2.576,1.392822,0.045684562,1.863708,0.076412028,-0.3231006
2.578,1.470947,0.048247062,1.746826,0.071619866,-0.3429187
2.58,1.535645,0.050369156,1.645508,0.067465828,-0.3083341
2.582,1.60553,0.052661384,1.544189,0.063311749,-0.3553536
2.584,1.668701,0.054733393,1.451416,0.059508056,-0.337867
2.586,1.741028,0.057105718,1.360779,0.055791939,-0.3234892
2.588,1.785278,0.058557118,1.264954,0.051863114,-0.3689543
2.59,1.838379,0.060298831,1.196289,0.049047849,-0.3471932
2.592,1.882324,0.061740227,1.11084,0.04554444,-0.3098885
2.594,1.91864,0.062931392,1.03241,0.04232881,-0.3409757
2.596,1.917114,0.062881339,0.9411621,0.038587646,-0.3390328
2.598,1.967773,0.064542954,0.8557129,0.035084229,-0.299008
2.6,1.979675,0.06493334,0.7641602,0.031330568,-0.2951221
2.602,1.994629,0.065423831,0.6726074,0.027576903,-0.3083341
2.604,2.003784,0.065724115,0.574646,0.023560486,-0.2710295
2.606,2.00592,0.065794176,0.4751587,0.019481507,-0.2795785
2.608,2.020569,0.066274663,0.3787231,0.015527647,-0.2822986
2.61,2.015686,0.066114501,0.2850342,0.011686402,-0.28191
2.612,2.0224,0.06633472,0.1879883,0.00770752,-0.2512113
2.614,2.03186,0.066645008,0.09643555,0.003953858,-0.2795785
2.616,2.037659,0.066835215,0.003967285,0.000162659,-0.2593717
2.618,2.037354,0.066825211,-0.08148193,-0.003340759,-0.2632576
2.62,2.046204,0.067115491,-0.1687622,-0.00691925,-0.2574288
2.622,2.03125,0.066625,-0.2526855,-0.010360106,-0.2554858
2.624,2.024231,0.066394777,-0.3219604,-0.013200376,-0.2457711
2.626,2.016602,0.066144546,-0.3988647,-0.016353453,-0.206912
2.628,2.001953,0.065664058,-0.4760742,-0.019519042,-0.2220671
2.63,2.000427,0.065614006,-0.5606079,-0.022984924,-0.2150724
2.632,1.987,0.0651736,-0.6491089,-0.026613465,-0.1882597
2.634,1.998596,0.065553949,-0.741272,-0.030392152,-0.1688302
2.636,2.000732,0.06562401,-0.8514404,-0.034909056,-0.1925342
2.638,2.023315,0.066364732,-0.9625244,-0.0394635,-0.1828194
2.64,2.056885,0.067465828,-1.081848,-0.044355768,-0.1692187
2.642,2.070313,0.067906266,-1.202393,-0.049298113,-0.1412402
2.644,2.10022,0.068887216,-1.329956,-0.054528196,-0.1474577
2.646,2.113953,0.069337658,-1.444397,-0.059220277,-0.149012
2.648,2.137146,0.070098389,-1.566162,-0.064212642,-0.1618355
2.65,2.16095,0.07087916,-1.677856,-0.068792096,-0.1521208
2.652,2.167664,0.071099379,-1.783752,-0.073133832,-0.127251
2.654,2.188416,0.071780045,-1.890564,-0.077513124,-0.1455147
2.656,2.193298,0.071940174,-1.98761,-0.08149201,-0.1369657
2.658,2.200012,0.072160394,-2.08313,-0.08540833,-0.11365031
2.66,2.208862,0.072450674,-2.180176,-0.089387216,-0.11675903
2.662,2.215881,0.072680897,-2.282104,-0.093566264,-0.1210335
2.664,2.22168,0.072871104,-2.380981,-0.097620221,-0.1206449
2.666,2.230225,0.07315138,-2.487488,-0.101987008,-0.10276978
2.668,2.23999,0.073471672,-2.591858,-0.106266178,-0.09033488
2.67,2.238159,0.073411615,-2.694702,-0.110482782,-0.08994629
2.672,2.227173,0.073051274,-2.796936,-0.114674376,-0.053418783
2.674,2.216187,0.072690934,-2.897034,-0.118778394,-0.016891276
2.676,2.195435,0.072010268,-2.9953,-0.1228073,-0.021942953
2.678,2.178345,0.071449716,-3.088684,-0.126636044,-0.026994629
2.68,2.145996,0.070388669,-3.184509,-0.130564869,-0.00834229
2.682,2.110901,0.069237553,-3.261719,-0.133730479,0.02429932
2.684,2.077026,0.068126453,-3.328857,-0.136483137,0.03984294
2.686,2.046814,0.067135499,-3.389282,-0.138960562,0.02818522
2.688,2.029419,0.066564943,-3.435974,-0.140874934,0.05499796
2.69,1.97113,0.064653064,-3.48053,-0.14270173,0.0818107
2.692,1.93512,0.063471936,-3.472595,-0.142376395,0.1097892
2.694,1.889038,0.061960446,-3.567505,-0.146267705,0.06199259
2.696,1.846924,0.060579107,-3.606873,-0.147881793,0.1008516
2.698,1.777954,0.058316891,-3.658142,-0.149983822,0.1218355
2.7,1.719055,0.056385004,-3.708801,-0.152060841,0.1171724
2.702,1.659241,0.054423105,-3.765564,-0.154388124,0.1214469
2.704,1.607361,0.052721441,-3.828735,-0.156978135,0.1381563
2.706,1.542969,0.050609383,-3.907166,-0.160193806,0.160306
2.708,1.494141,0.049007825,-3.945007,-0.161745287,0.1719637
2.71,1.433411,0.047015881,-4.010925,-0.164447925,0.17876405
2.712,1.381226,0.045304213,-4.077454,-0.167175614,0.1855644
2.714,1.331482,0.04367261,-4.121399,-0.168977359,0.1820671
2.716,1.282043,0.04205101,-4.164429,-0.170741589,0.2018852
2.718,1.230774,0.040369387,-4.207764,-0.172518324,0.2481274
2.72,1.183472,0.038817882,-4.252319,-0.174345079,0.2147087
2.722,1.151123,0.037756834,-4.278564,-0.175421124,0.2391899
2.724,1.100769,0.036105223,-4.354858,-0.178549178,0.2547335
2.726,1.06781,0.035024168,-4.351807,-0.178424087,0.2415214
2.728,1.039734,0.034103275,-4.384766,-0.179775406,0.235304
2.73,1.011963,0.033192386,-4.419556,-0.181201796,0.2710543
2.732,0.9979248,0.032731933,-4.464111,-0.183028551,0.2648368
2.734,0.9613037,0.031530761,-4.499817,-0.184492497,0.267557
2.736,0.9527588,0.031250489,-4.540405,-0.186156605,0.2834892
2.738,0.9298706,0.030499756,-4.57489,-0.18757049,0.3106905
2.74,0.9115601,0.029899171,-4.588318,-0.188121038,0.3021415
2.742,0.8712769,0.028577882,-4.643555,-0.190385755,0.3095247
2.744,0.8535767,0.027997316,-4.678345,-0.191812145,0.347218
2.746,0.8154297,0.026746094,-4.704895,-0.192900695,0.3231254
2.748,0.7757568,0.025444823,-4.735107,-0.194139387,0.33012
2.75,0.7339478,0.024073488,-4.75708,-0.19504028,0.355767
2.752,0.687561,0.022552001,-4.727783,-0.193839103,0.3530469
2.754,0.6381226,0.020930421,-4.784241,-0.196153881,0.3444979
2.756,0.5792236,0.018998534,-4.79248,-0.19649168,0.3658704
2.758,0.5145264,0.016876466,-4.795837,-0.196629317,0.3647046
2.76,0.458374,0.015034667,-4.797058,-0.196679378,0.3650932
2.762,0.3781128,0.0124021,-4.788513,-0.196329033,0.3771395
2.764,0.3125,0.01025,-4.786377,-0.196241457,0.405118
2.766,0.2352905,0.007717528,-4.780579,-0.196003739,0.3942375
2.768,0.1525879,0.005004883,-4.773865,-0.195728465,0.4062838
2.77,0.07263184,0.002382324,-4.775696,-0.195803536,0.4272677
2.772,-0.01708984,-0.000560547,-4.768066,-0.195490706,0.413667
2.774,-0.1367188,-0.004484377,-4.762878,-0.195277998,0.4226046
2.776,-0.1998901,-0.006556395,-4.753418,-0.194890138,0.4568005
2.778,-0.2905273,-0.009529295,-4.746094,-0.194589854,0.4661267
2.78,-0.4016113,-0.013172851,-4.728088,-0.193851608,0.4649609
2.782,-0.4772949,-0.015655273,-4.709473,-0.193088393,0.4871106
2.784,-0.562439,-0.018447999,-4.681091,-0.191924731,0.480116
2.786,-0.6484985,-0.021270751,-4.647522,-0.190548402,0.4941052
2.788,-0.7211304,-0.023653077,-4.603882,-0.188759162,0.4894421
2.79,-0.7989502,-0.026205567,-4.565125,-0.187170125,0.481378875
2.792,-0.874939,-0.028697999,-4.516907,-0.185193187,0.47331565
2.794,-0.9396362,-0.030820067,-4.476318,-0.183529038,0.5283012
2.796,-1.002197,-0.032872062,-4.436646,-0.181902486,0.5376274
2.798,-1.047974,-0.034373547,-4.338684,-0.177886044,0.5267468
2.8,-1.105347,-0.036255382,-4.348755,-0.178298955,0.536073
2.802,-1.149902,-0.037716786,-4.306335,-0.176559735,0.5411247
2.804,-1.187134,-0.038937995,-4.266357,-0.174920637,0.5422904
2.806,-1.20575,-0.0395486,-4.214478,-0.172793598,0.5197522
2.808,-1.26709,-0.041560552,-4.169006,-0.170929246,0.5349072
2.81,-1.306458,-0.042851822,-4.122009,-0.169002369,0.5453992
2.812,-1.332703,-0.043712658,-4.077148,-0.167163068,0.5500623
2.814,-1.35498,-0.044443344,-4.02832,-0.16516112,0.5391817
2.816,-1.3797,-0.04525416,-3.981628,-0.163246748,0.5543368
2.818,-1.39679,-0.045814712,-3.928223,-0.161057143,0.5279126
2.82,-1.419373,-0.046555434,-3.869324,-0.158642284,0.5345186
2.822,-1.434021,-0.047035889,-3.797913,-0.155714433,0.4968254
2.824,-1.45874,-0.047846672,-3.747559,-0.153649919,0.5178092
2.826,-1.487427,-0.048787606,-3.678284,-0.150809644,0.5069287
2.828,-1.508179,-0.049468271,-3.604736,-0.147794176,0.5267468
2.83,-1.544495,-0.050659436,-3.544312,-0.145316792,0.5356844
2.832,-1.585388,-0.052000726,-3.463135,-0.141988535,0.5166435
2.834,-1.625977,-0.053332046,-3.390808,-0.139023128,0.553171
2.836,-1.672668,-0.05486351,-3.363647,-0.137909527,0.5080945
2.838,-1.706238,-0.055964606,-3.262939,-0.133780499,0.5127576
2.84,-1.777039,-0.058286879,-3.192749,-0.130902709,0.4987683
2.842,-1.816406,-0.059578117,-3.129883,-0.128325203,0.51256325
2.844,-1.878967,-0.061630118,-3.057251,-0.125347291,0.5263582
2.846,-1.929016,-0.063271725,-2.999268,-0.122969988,0.5317985
2.848,-1.989746,-0.065263669,-2.923584,-0.119866944,0.5562797
2.85,-2.050781,-0.067265617,-2.845459,-0.116663819,0.5555025
2.852,-2.111816,-0.069267565,-2.763977,-0.113323057,0.5178092
2.854,-2.172852,-0.071269546,-2.673035,-0.109594435,0.5457878
2.856,-2.232666,-0.073231445,-2.581177,-0.105828257,0.5216951
2.858,-2.298279,-0.075383551,-2.486572,-0.101949452,0.5162549
2.86,-2.345886,-0.076945061,-2.391052,-0.098033132,0.5438448
2.862,-2.411499,-0.079097167,-2.295227,-0.094104307,0.5667716
2.864,-2.460938,-0.080718766,-2.201843,-0.090275563,0.5527824
2.866,-2.510376,-0.082340333,-2.107544,-0.086409304,0.5244153
2.868,-2.547607,-0.08356151,-2.067871,-0.084782711,0.5092603
2.87,-2.583923,-0.084752674,-1.921387,-0.078776867,0.5057629
2.872,-2.61322,-0.085713616,-1.830444,-0.075048204,0.5255811
2.874,-2.636719,-0.086484383,-1.739197,-0.071307077,0.544622
2.876,-2.642517,-0.086674558,-1.645813,-0.067478333,0.5384045
2.878,-2.667236,-0.087485341,-1.550903,-0.063587023,0.5080945
2.88,-2.661438,-0.087295166,-1.46698,-0.06014618,0.5092603
2.882,-2.659912,-0.087245114,-1.367798,-0.056079718,0.5003227
2.884,-2.64801,-0.086854728,-1.272278,-0.052163398,0.4756472
2.886,-2.63031,-0.086274168,-1.179199,-0.048347159,0.4509717
2.888,-2.626038,-0.086134046,-1.083374,-0.044418334,0.430765
2.89,-2.591553,-0.085002938,-0.9793091,-0.040151673,0.4152214
2.892,-2.569885,-0.084292228,-0.8798218,-0.036072694,0.3934603
2.894,-2.544861,-0.083471441,-0.7775879,-0.031881104,0.3864657
2.896,-2.512512,-0.082410394,-0.6732178,-0.02760193,0.3856885
2.898,-2.512817,-0.082420398,-0.5691528,-0.023335265,0.3481895
2.9,-2.453003,-0.080458498,-0.4669189,-0.019143675,0.3106905
2.902,-2.42157,-0.079427496,-0.3674316,-0.015064696,0.2947583
2.904,-2.388306,-0.078336437,-0.2728271,-0.011185911,0.3048617
2.906,-2.355652,-0.077265386,-0.1782227,-0.007307131,0.3153536
2.908,-2.32605,-0.07629444,-0.08575439,-0.00351593,0.2784375
2.91,-2.294006,-0.075243397,0.003356934,0.000137634,0.2574536
2.912,-2.256775,-0.07402222,0.09643555,0.003953858,0.2683341
2.914,-2.250977,-0.073832046,0.1855469,0.007607423,0.2722201
2.916,-2.235107,-0.07331151,0.2719116,0.011148376,0.2502647
2.918,-2.203979,-0.072290511,0.3671265,0.015052187,0.2283093
2.92,-2.217407,-0.07273095,0.4641724,0.019031068,0.2100456
2.922,-2.214966,-0.072650885,0.5627441,0.023072508,0.2228691
2.924,-2.21283,-0.072580824,0.6658936,0.027301638,0.1696322
2.926,-2.198181,-0.072100337,0.7556152,0.030980223,0.2178174
2.928,-2.213745,-0.072610836,0.8535767,0.034996645,0.2252006
2.93,-2.206421,-0.072370609,0.9472656,0.03883789,0.1995536
2.932,-2.192078,-0.071900158,1.036377,0.042491457,0.1847872
2.934,-2.197571,-0.072080329,1.128235,0.046257635,0.1606946
2.936,-2.192993,-0.07193017,1.211243,0.049660963,0.1564201
2.938,-2.201843,-0.07222045,1.294556,0.053076796,0.1812899
2.94,-2.177734,-0.071429675,1.376648,0.056442568,0.1789583
2.942,-2.173462,-0.071289554,1.464233,0.060033553,0.1766268
2.944,-2.155151,-0.070688953,1.543274,0.063274234,0.1552543
2.946,-2.142029,-0.070258551,1.627808,0.066740128,0.1540885
2.948,-2.117615,-0.069457772,1.698608,0.069642928,0.1338818
2.95,-2.077026,-0.068126453,1.773376,0.072708416,0.07714762
2.952,-2.052612,-0.067325674,1.844177,0.075611257,0.06859863
2.954,-2.008667,-0.065884278,1.919556,0.078701796,0.093857
2.956,-1.960754,-0.064312731,1.991882,0.081667162,0.03440267
2.958,-1.905823,-0.062510994,2.069397,0.084845277,0.02041341
2.96,-1.846619,-0.060569103,2.145386,0.087960826,0.02313354
2.962,-1.781921,-0.058447009,2.216797,0.090888677,0.03207113
2.964,-1.712952,-0.056184826,2.29126,0.09394166,0.02177348
2.966,-1.650085,-0.054122788,2.362366,0.096857006,0.01147583
2.968,-1.598206,-0.052421157,2.418518,0.099159238,-0.00523356
2.97,-1.546021,-0.050709489,2.463989,0.101023549,0.0044812
2.972,-1.495972,-0.049067882,2.503967,0.102662647,-0.03806946
2.974,-1.443176,-0.047336173,2.538147,0.104064027,-0.08062012
2.976,-1.390686,-0.045614501,2.576599,0.105640559,-0.09305501
2.978,-1.325378,-0.043472398,2.567139,0.105252699,-0.11714762
2.98,-1.250305,-0.041010004,2.667236,0.109356676,-0.1330798
2.982,-1.173401,-0.038487553,2.736511,0.112196951,-0.16611
2.984,-1.082764,-0.035514659,2.797241,0.114686881,-0.1742704
2.986,-0.9991455,-0.032771972,2.867126,0.117552166,-0.1513436
2.988,-0.916748,-0.030069334,2.935486,0.120354926,-0.1804879
2.99,-0.8346558,-0.02737671,3.005676,0.123232716,-0.2216785
2.992,-0.7620239,-0.024994384,3.077698,0.126185618,-0.2298389
2.994,-0.6842041,-0.022441894,3.148193,0.129075913,-0.2100208
2.996,-0.6396484,-0.020980468,3.210144,0.131615904,-0.2442167
2.998,-0.5810547,-0.019058594,3.2724,0.1341684,-0.206912
3,-0.5252075,-0.017226806,3.319702,0.136107782,-0.2139067